우선순위,입주예정월,단지명,총공급세대,공급위치,시행_시공사,추천상품,입예협_검색어
99,2026.01,두산위브더제니스 오션시티,2033,부산광역시 남구 우암동 129번지 일원,우암2구역주택재개발정비사업조합,"얼음정수기, 비데, 공기청정기, 식세기",두산위브더제니스 오션시티 입주예정자협의회
99,2026.01,울산다운2지구 B-2BL 우미린(사전청약),1293,울산광역시 울주군 범서읍 서사리 305일원(울산다운2지구 B-2BL),(주)우미개발,"얼음정수기, 비데, 공기청정기, 식세기",울산다운2지구 B-2BL 우미린(사전청약) 입주예정자협의회
99,2026.01,더샵 청주그리니티,1191,충청북도 청주시 서원구 개신동 산104-6번지 일원,(주)하나자산신탁,"얼음정수기, 비데, 공기청정기, 식세기",더샵 청주그리니티 입주예정자협의회
99,2026.01,e편한세상 명덕역 퍼스트마크,1112,대구광역시 남구 대명동 2017-2번지 일원,대명2동명덕지구주택재개발정비사업조합,"얼음정수기, 비데, 공기청정기, 식세기",e편한세상 명덕역 퍼스트마크 입주예정자협의회
99,2026.01,위파크 마륵공원,917,광주광역시 서구 금호동 산109번지 일원,마륵파크 주식회사,"얼음정수기, 비데, 공기청정기, 식세기",위파크 마륵공원 입주예정자협의회
99,2026.01,아야진 라메르 데시앙,811,강원도 고성군 토성면 아야진리 산21번지 외 44필지,(주)무궁화신탁,"얼음정수기, 비데, 공기청정기, 식세기",아야진 라메르 데시앙 입주예정자협의회
99,2026.01,청주 동일하이빌 파크레인,800,충청북도 청주시 서원구 개신동 70-10번지 일원(청주개신2지구 도시개발사업A2블럭),주식회사 하나자산신탁,"얼음정수기, 비데, 공기청정기, 식세기",청주 동일하이빌 파크레인 입주예정자협의회
99,2026.01,인천 두산위브 더센트럴,785,인천광역시 동구 송림동 42-215,송림3지구 주택재개발정비사업조합,"얼음정수기, 비데, 공기청정기, 식세기",인천 두산위브 더센트럴 입주예정자협의회
99,2026.01,가야역 롯데캐슬 스카이엘,725,부산광역시 부산진구 가야동 3-11번지 일원,신한자산신탁(주),"얼음정수기, 비데, 공기청정기, 식세기",가야역 롯데캐슬 스카이엘 입주예정자협의회
99,2026.01,어나드 범어,604,대구광역시 수성구 범어동 1,대구엠비씨부지복합개발피에프브이(주),"얼음정수기, 비데, 공기청정기, 식세기",어나드 범어 입주예정자협의회
99,2026.01,수원성 중흥S-클래스,593,경기도 수원시 팔달구 지동 349-1번지 일원,제115다시10구역주택재개발정비사업조합,"얼음정수기, 비데, 공기청정기, 식세기",수원성 중흥S-클래스 입주예정자협의회
99,2026.01,양주 회천지구 A-12BL 라온프라이빗(사전청약),568,경기도 양주시 양주회천지구 A12BL,에버캄도시개발주식회사,"얼음정수기, 비데, 공기청정기, 식세기",양주 회천지구 A-12BL 라온프라이빗(사전청약) 입주예정자협의회
90,2026.01,철산자이 브리에르,393,경기도 광명시 철산동 105번지 일원,철산주공10과11단지 주택재건축정비사업조합,"얼음정수기, 비데, 공기청정기, 식세기",철산자이 브리에르 입주예정자협의회
90,2026.01,김해 삼계 동일스위트,299,경상남도 김해시 삼계동 397-1번지 일원,(주)동일,"얼음정수기, 비데, 공기청정기, 식세기",김해 삼계 동일스위트 입주예정자협의회
90,2026.01,아산 벨코어 스위첸,299,충청남도 아산시 모종동 555-1외,대한토지신탁(주),"얼음정수기, 비데, 공기청정기, 식세기",아산 벨코어 스위첸 입주예정자협의회
90,2026.01,양양 금호어울림 더퍼스트,279,강원도 양양군 양양읍 구교리 57번지 외 14필지,한국자산신탁(주),"얼음정수기, 비데, 공기청정기, 식세기",양양 금호어울림 더퍼스트 입주예정자협의회
90,2026.01,이천 빌리브 어바인시티 2BL,264,경기도 이천시 안흥동 272-6번지 일원,(주)더랜드인베스트,"얼음정수기, 비데, 공기청정기, 식세기",이천 빌리브 어바인시티 2BL 입주예정자협의회
90,2026.01,이천 빌리브 어바인시티 1BL,264,경기도 이천시 안흥동 270번지 일원,주식회사 더로렌,"얼음정수기, 비데, 공기청정기, 식세기",이천 빌리브 어바인시티 1BL 입주예정자협의회
90,2026.01,e편한세상 강동 프레스티지원,263,서울특별시 강동구 천호동 423-76번지 일대,천호3주택재건축정비사업조합,"얼음정수기, 비데, 공기청정기, 식세기",e편한세상 강동 프레스티지원 입주예정자협의회
90,2026.01,잠실 르엘,216,서울특별시 송파구 신천동 17-6번지 일대,잠실미성크로바아파트 주택재건축정비사업조합,"얼음정수기, 비데, 공기청정기, 식세기",잠실 르엘 입주예정자협의회
90,2026.01,마석역 극동스타클래스 더퍼스트,138,경기도 남양주시 화도읍 마석우리 251외 1필지,한국투자부동산신탁 주식회사,"얼음정수기, 비데, 공기청정기, 식세기",마석역 극동스타클래스 더퍼스트 입주예정자협의회
90,2026.01,광명 소하 신원아침도시2,82,경기도 광명시 소하동 883-18번지 일원,소하동2구역가로주택정비사업조합,"얼음정수기, 비데, 공기청정기, 식세기",광명 소하 신원아침도시2 입주예정자협의회
90,2026.01,벨루미체 첨단,57,광주광역시 광산구 쌍암동 694-77 외 3필지,코리아신탁(주),"얼음정수기, 비데, 공기청정기, 식세기",벨루미체 첨단 입주예정자협의회
90,2026.01,남양주 별내리슈빌아파트 분양전환 후 잔여세대,34,"경기도 남양주시 별내5로 119, 별내리슈빌 아파트",공무원연금공단,"얼음정수기, 비데, 공기청정기, 식세기",남양주 별내리슈빌아파트 분양전환 후 잔여세대 입주예정자협의회
90,2026.01,둔산 자이 아이파크(보류지),18,대전광역시 서구 탄방동 514-360번지 일원,숭어리샘주택재건축정비사업조합,"얼음정수기, 비데, 공기청정기, 식세기",둔산 자이 아이파크(보류지) 입주예정자협의회
90,2026.01,강릉역 경남아너스빌 더 센트로(조합원 취소분),16,강원특별자치도 강릉시 명륜로 85번지,강릉교동센트럴파크지역주택조합,"얼음정수기, 비데, 공기청정기, 식세기",강릉역 경남아너스빌 더 센트로(조합원 취소분) 입주예정자협의회
90,2026.01,둔산 자이 아이파크,12,대전광역시 서구 탄방동 514-360번지 일원,숭어리샘주택재건축정비사업조합,"얼음정수기, 비데, 공기청정기, 식세기",둔산 자이 아이파크 입주예정자협의회
90,2026.01,두류센트레빌 더 파크(조합원 취소분)(2회차),1,대구광역시 달서구 두류동 638-19번지 일원,두류야외음악당지역주택조합,"얼음정수기, 비데, 공기청정기, 식세기",두류센트레빌 더 파크(조합원 취소분)(2회차) 입주예정자협의회
99,2026.02,더샵 신문그리니티,1146,경상남도 김해시 신문동 신문1지구 A7-1블럭 일원,(주)무궁화신탁,"얼음정수기, 비데, 공기청정기, 식세기",더샵 신문그리니티 입주예정자협의회
99,2026.02,동탄신도시 금강펜테리움 6차 센트럴파크(A59블럭),1103,경기도 화성시 신동 동탄2택지개발지구 A-59블럭,(주)펜테리움건설,"얼음정수기, 비데, 공기청정기, 식세기",동탄신도시 금강펜테리움 6차 센트럴파크(A59블럭) 입주예정자협의회
99,2026.02,파주운정3지구 A23블록 공공분양주택,1012,경기도 파주시 동패동 파주운정3 택지개발지구 내 A23BL,한국토지주택공사 인천지역본부,"얼음정수기, 비데, 공기청정기, 식세기",파주운정3지구 A23블록 공공분양주택 입주예정자협의회
99,2026.02,창원 롯데캐슬 포레스트 2BL,998,경상남도 창원시 의창구 사화동 147번지 외 43필지,대신자산신탁 주식회사,"얼음정수기, 비데, 공기청정기, 식세기",창원 롯데캐슬 포레스트 2BL 입주예정자협의회
99,2026.02,힐스테이트 대명 센트럴 2차,977,대구광역시 남구 대명동 202-1번지 일원,주식회사 하나자산신탁,"얼음정수기, 비데, 공기청정기, 식세기",힐스테이트 대명 센트럴 2차 입주예정자협의회
99,2026.02,포레나 대전학하 1단지,872,대전광역시 유성구 학하동 676-1번지 일원,주식회사 하나자산신탁,"얼음정수기, 비데, 공기청정기, 식세기",포레나 대전학하 1단지 입주예정자협의회
99,2026.02,이천중리B2-BL 우미린 트리쉐이드,849,경기도 이천시 이천중리 택지개발지구내 B2블럭,이천중리비투피에프브이(주),"얼음정수기, 비데, 공기청정기, 식세기",이천중리B2-BL 우미린 트리쉐이드 입주예정자협의회
99,2026.02,아산자이 그랜드파크 2단지,849,충청남도 아산시 용화동 133-2번지 일원,주식회사 하나자산신탁,"얼음정수기, 비데, 공기청정기, 식세기",아산자이 그랜드파크 2단지 입주예정자협의회
99,2026.02,힐스테이트 자이 아산센텀,787,충남 아산시 배방읍 세교리 1600 (아산탕정 택지개발지구 2-A11BL),주식회사 아산탕정고양삼송주택개발위탁관리부동산투자회사,"얼음정수기, 비데, 공기청정기, 식세기",힐스테이트 자이 아산센텀 입주예정자협의회
99,2026.02,아산자이 그랜드파크 1단지,739,충청남도 아산시 용화동 137-1번지 일원,주식회사 하나자산신탁,"얼음정수기, 비데, 공기청정기, 식세기",아산자이 그랜드파크 1단지 입주예정자협의회
99,2026.02,화성태안3지구 B-3블록 공공분양주택(본청약),688,"경기도 화성시 송산동, 안녕동 일원 화성태안3 택지개발사업지구 내 B-3블록",한국토지주택공사 경기남부지역본부,"얼음정수기, 비데, 공기청정기, 식세기",화성태안3지구 B-3블록 공공분양주택(본청약) 입주예정자협의회
99,2026.02,힐스테이트 칠성 더오페라,577,대구광역시 북구 칠성동2가 321번지 일원,우리자산신탁 주식회사,"얼음정수기, 비데, 공기청정기, 식세기",힐스테이트 칠성 더오페라 입주예정자협의회
90,2026.02,천안 일봉공원 호반써밋 센트럴파크(1BL),453,충청남도 천안시 동남구 용곡동 462-77번지 일원,한국자산신탁(주),"얼음정수기, 비데, 공기청정기, 식세기",천안 일봉공원 호반써밋 센트럴파크(1BL) 입주예정자협의회
90,2026.02,범어자이,399,대구광역시 수성구 범어동 48-26번지 일원,케이비부동산신탁(주),"얼음정수기, 비데, 공기청정기, 식세기",범어자이 입주예정자협의회
90,2026.02,퀸즈이즈카운티,268,부산광역시 동구 범일동 828-9번지,(주)무궁화신탁,"얼음정수기, 비데, 공기청정기, 식세기",퀸즈이즈카운티 입주예정자협의회
90,2026.02,오목천역 더리브,201,경기도 수원시 권선구 오목천동 319-1,신한자산신탁 주식회사,"얼음정수기, 비데, 공기청정기, 식세기",오목천역 더리브 입주예정자협의회
90,2026.02,백년문화공원 극동스타클래스,166,경상남도 진주시 주약동 183-1번지 외 4필지,주식회사 하나자산신탁,"얼음정수기, 비데, 공기청정기, 식세기",백년문화공원 극동스타클래스 입주예정자협의회
90,2026.02,대전 에테르 스위첸,138,대전광역시 서구 용문동 594-6번지 외 7필지,신한자산신탁 주식회사,"얼음정수기, 비데, 공기청정기, 식세기",대전 에테르 스위첸 입주예정자협의회
90,2026.02,광산센트럴파크,117,광주광역시 광산구 하산동 254-1번지 일원,광산센트럴파크지역주택조합,"얼음정수기, 비데, 공기청정기, 식세기",광산센트럴파크 입주예정자협의회
90,2026.02,외도 성원상떼빌,83,제주특별자치도 제주시 외도일동 499-3일원,코리아신탁(주),"얼음정수기, 비데, 공기청정기, 식세기",외도 성원상떼빌 입주예정자협의회
90,2026.02,역곡역 아테움 스위첸,50,경기도 부천시 괴안동 91-1번지 외 1필지,청암아파트소규모재건축사업조합,"얼음정수기, 비데, 공기청정기, 식세기",역곡역 아테움 스위첸 입주예정자협의회
90,2026.02,광명 소하 신원아침도시1,33,경기도 광명시 소하동 893-3번지 일원,정우연립소규모주택재건축정비사업조합,"얼음정수기, 비데, 공기청정기, 식세기",광명 소하 신원아침도시1 입주예정자협의회
99,2026.03,힐스테이트 평택 화양,1571,경기도 평택시 현덕면 평택 화양지구 도시개발사업 5BL,신한자산신탁 주식회사,"얼음정수기, 비데, 공기청정기, 식세기",힐스테이트 평택 화양 입주예정자협의회
99,2026.03,지제역 반도체밸리 제일풍경채 2블록,1152,경기도 평택시 가재지구 도시개발사업 공동 2BL,주식회사 씨지주택,"얼음정수기, 비데, 공기청정기, 식세기",지제역 반도체밸리 제일풍경채 2블록 입주예정자협의회
99,2026.03,에코델타시티 대성베르힐 17BL,1120,부산광역시 강서구 강동동 에코델타시티 17BL,주식회사 부산에코델타시티피에프브이,"얼음정수기, 비데, 공기청정기, 식세기",에코델타시티 대성베르힐 17BL 입주예정자협의회
99,2026.03,힐스테이트 모종 블랑루체,1060,충청남도 아산시 모종동 아산모종2지구 B1블럭,한국자산신탁(주),"얼음정수기, 비데, 공기청정기, 식세기",힐스테이트 모종 블랑루체 입주예정자협의회
99,2026.03,달서 푸르지오 시그니처,993,대구광역시 달서구 본리동 358-5,코리아신탁(주),"얼음정수기, 비데, 공기청정기, 식세기",달서 푸르지오 시그니처 입주예정자협의회
99,2026.03,운정자이 시그니처,988,경기도 파주시 운정3지구 A19블록(경기도 파주시 목동동 산26번지 일원),지에스건설(주),"얼음정수기, 비데, 공기청정기, 식세기",운정자이 시그니처 입주예정자협의회
99,2026.03,두산위브더제니스 센트럴 원주,952,강원도 원주시 원동 129-1번지 일원,원동남산지구 주택재개발정비사업조합,"얼음정수기, 비데, 공기청정기, 식세기",두산위브더제니스 센트럴 원주 입주예정자협의회
99,2026.03,구리역 롯데캐슬 시그니처,679,경기도 구리시 인창동 289-29번지 일원,인창씨구역주택재개발정비사업조합,"얼음정수기, 비데, 공기청정기, 식세기",구리역 롯데캐슬 시그니처 입주예정자협의회
99,2026.03,e편한세상 삼천포 오션프라임,677,경상남도 사천시 동금동 151-1번지 일원,대한토지신탁(주),"얼음정수기, 비데, 공기청정기, 식세기",e편한세상 삼천포 오션프라임 입주예정자협의회
99,2026.03,해링턴 플레이스 진사(2BL),637,경기도 안성시 공도읍 진사리 33번지 일원,우리자산신탁 주식회사,"얼음정수기, 비데, 공기청정기, 식세기",해링턴 플레이스 진사(2BL) 입주예정자협의회
99,2026.03,군산 한라비발디 더프라임,633,전라북도 군산시 지곡동 126번지 일원,코리아신탁(주),"얼음정수기, 비데, 공기청정기, 식세기",군산 한라비발디 더프라임 입주예정자협의회
99,2026.03,인천 검단신도시 AB19블럭 호반써밋(본청약),555,인천광역시 서구 불로동 547-10,(주)호반건설,"얼음정수기, 비데, 공기청정기, 식세기",인천 검단신도시 AB19블럭 호반써밋(본청약) 입주예정자협의회
90,2026.03,제일풍경채 의왕고천(본청약),466,경기도 의왕시 고천공공주택지구 B-2BL,의왕고천피에프브이 주식회사,"얼음정수기, 비데, 공기청정기, 식세기",제일풍경채 의왕고천(본청약) 입주예정자협의회
90,2026.03,해링턴 플레이스 진사(1BL),355,경기도 안성시 공도읍 진사리 29-13번지 일원,우리자산신탁 주식회사,"얼음정수기, 비데, 공기청정기, 식세기",해링턴 플레이스 진사(1BL) 입주예정자협의회
90,2026.03,거제 유림노르웨이숲 디오션,299,경상남도 거제시 장승포동 499번지 일원,교보자산신탁(주),"얼음정수기, 비데, 공기청정기, 식세기",거제 유림노르웨이숲 디오션 입주예정자협의회
90,2026.03,영등포자이 디그니티,185,서울특별시 영등포구 양평동1가 265-1일대,양평제12구역도시환경정비사업조합,"얼음정수기, 비데, 공기청정기, 식세기",영등포자이 디그니티 입주예정자협의회
90,2026.03,도봉 금호어울림 리버파크,130,서울특별시 도봉구 도봉2동 95번지,도봉제2구역주택재개발정비사업조합,"얼음정수기, 비데, 공기청정기, 식세기",도봉 금호어울림 리버파크 입주예정자협의회
90,2026.03,가양동 다우갤러리 휴리움,63,대전광역시 동구 가양동 53-6번지 일원,동신아파트주택재건축정비사업조합,"얼음정수기, 비데, 공기청정기, 식세기",가양동 다우갤러리 휴리움 입주예정자협의회
90,2026.03,리첸시아 표선 IB EDU,50,제주특별자치도 서귀포시 표선면 표선리 2957(구 주소 : 536-1외 ),주식회사 태흥주택건설,"얼음정수기, 비데, 공기청정기, 식세기",리첸시아 표선 IB EDU 입주예정자협의회
90,2026.03,울산 우정혁신도시 B1블록(골드클래스) 분양전환 후 잔여세대,34,"울산광역시 중구 종가로 760 (장현동, 골드클래스)",골드클래스 주식회사,"얼음정수기, 비데, 공기청정기, 식세기",울산 우정혁신도시 B1블록(골드클래스) 분양전환 후 잔여세대 입주예정자협의회
90,2026.03,우방아이유쉘 중부센트럴,34,경상남도 양산시 중부동 160번지 일원,양산중부동지역주택조합,"얼음정수기, 비데, 공기청정기, 식세기",우방아이유쉘 중부센트럴 입주예정자협의회
90,2026.03,힐스테이트 지석(조합원취소분),9,광주광역시 남구 지석동 506번지 일원,더디시파크지역주택조합,"얼음정수기, 비데, 공기청정기, 식세기",힐스테이트 지석(조합원취소분) 입주예정자협의회
99,2026.04,광주 더파크 비스타 데시앙,1690,경기도 광주시 역동 산 1-39외 17필지,(주)무궁화신탁,"얼음정수기, 비데, 공기청정기, 식세기",광주 더파크 비스타 데시앙 입주예정자협의회
99,2026.04,대명자이 그랜드시티,1501,대구광역시 남구 대명3동 2301-2번지 일원,대명3동뉴타운주택재개발정비사업조합,"얼음정수기, 비데, 공기청정기, 식세기",대명자이 그랜드시티 입주예정자협의회
99,2026.04,오산세교2지구 A-3블록 파라곤,1068,경기도 오산시 궐동 오산세교2지구 A3 블록,주식회사 라인하우징,"얼음정수기, 비데, 공기청정기, 식세기",오산세교2지구 A-3블록 파라곤 입주예정자협의회
99,2026.04,청주 동일하이빌 파크레인 2단지,800,충청북도 청주시 서원구 개신동 89-1번지 일원,주식회사 하나자산신탁,"얼음정수기, 비데, 공기청정기, 식세기",청주 동일하이빌 파크레인 2단지 입주예정자협의회
99,2026.04,힐스테이트 회룡역파크뷰,674,경기도 의정부시 호원동 281-21번지,신한자산신탁 주식회사,"얼음정수기, 비데, 공기청정기, 식세기",힐스테이트 회룡역파크뷰 입주예정자협의회
99,2026.04,운암자이포레나 퍼스티체 2단지,561,광주광역시 북구 운암동 252번지 일원,운암3단지재건축정비사업조합,"얼음정수기, 비데, 공기청정기, 식세기",운암자이포레나 퍼스티체 2단지 입주예정자협의회
99,2026.04,영종 오션파크 모아엘가 그랑데,560,인천광역시 중구 운남동 1710-1 (영종국제도시 A61블럭),덕평산업개발(주),"얼음정수기, 비데, 공기청정기, 식세기",영종 오션파크 모아엘가 그랑데 입주예정자협의회
99,2026.04,벤처밸리 푸르지오,540,대구광역시 동구 신천동 311-4번지 일원,대한토지신탁(주),"얼음정수기, 비데, 공기청정기, 식세기",벤처밸리 푸르지오 입주예정자협의회
90,2026.04,힐스테이트 동대구 센트럴,481,대구광역시 동구 신천동 137-1번지 일원,우리자산신탁 주식회사,"얼음정수기, 비데, 공기청정기, 식세기",힐스테이트 동대구 센트럴 입주예정자협의회
90,2026.04,검단신도시 롯데캐슬 넥스티엘,372,인천광역시 서구 원당동 1061-1 / 검단신도시 RC1 블록,넥스트브이시티피에프브이(주),"얼음정수기, 비데, 공기청정기, 식세기",검단신도시 롯데캐슬 넥스티엘 입주예정자협의회
90,2026.04,고양장항지구 A-2블록 신혼희망타운(공공분양),371,경기도 고양시 일산동구 멱절길 346-106 (장항동),한국토지주택공사 경기북부지역본부,"얼음정수기, 비데, 공기청정기, 식세기",고양장항지구 A-2블록 신혼희망타운(공공분양) 입주예정자협의회
90,2026.04,운암자이포레나 퍼스티체 1단지,354,광주광역시 북구 운암동 252번지 일원,운암3단지재건축정비사업조합,"얼음정수기, 비데, 공기청정기, 식세기",운암자이포레나 퍼스티체 1단지 입주예정자협의회
90,2026.04,운암자이포레나 퍼스티체 3단지,277,광주광역시 북구 운암동 252번지 일원,운암3단지재건축정비사업조합,"얼음정수기, 비데, 공기청정기, 식세기",운암자이포레나 퍼스티체 3단지 입주예정자협의회
90,2026.04,오션포레베네스트하우스(미단시티 공동8BL),253,인천광역시 중구 자연대로 667(오션포레베네스트하우스),(주)시너지밸류제2호,"얼음정수기, 비데, 공기청정기, 식세기",오션포레베네스트하우스(미단시티 공동8BL) 입주예정자협의회
90,2026.04,포레나 인천학익,250,인천광역시 미추홀구 학익2동 290-1,학익4주택재개발정비사업조합,"얼음정수기, 비데, 공기청정기, 식세기",포레나 인천학익 입주예정자협의회
90,2026.04,대구역 센트레빌 더 오페라,245,대구광역시 북구 칠성동2가 302-141번지 일원,(주)한국토지신탁,"얼음정수기, 비데, 공기청정기, 식세기",대구역 센트레빌 더 오페라 입주예정자협의회
90,2026.04,청량리 롯데캐슬 하이루체,173,서울특별시 동대문구 청량리동 199 일원,청량리제7구역주택재개발정비사업조합,"얼음정수기, 비데, 공기청정기, 식세기",청량리 롯데캐슬 하이루체 입주예정자협의회
90,2026.04,변동 동건아파트 우선분양전환 후 잔여세대,139,"대전광역시 서구 변동 59-6 (변동, 동건아파트)",동건종합건설(주),"얼음정수기, 비데, 공기청정기, 식세기",변동 동건아파트 우선분양전환 후 잔여세대 입주예정자협의회
90,2026.04,연수 월드메르디앙 어반포레,133,인천광역시 연수구 동춘동 1152번지 일원,대신자산신탁 주식회사,"얼음정수기, 비데, 공기청정기, 식세기",연수 월드메르디앙 어반포레 입주예정자협의회
90,2026.04,개봉 루브루,114,"서울특별시 구로구 개봉동 369-1, 312-38",길훈아파트 주택재건축정비사업조합,"얼음정수기, 비데, 공기청정기, 식세기",개봉 루브루 입주예정자협의회
90,2026.04,우정동 한양립스 더 센트럴,99,울산광역시 중구 우정동 272-60번지 외,우정동뉴시티지역주택조합,"얼음정수기, 비데, 공기청정기, 식세기",우정동 한양립스 더 센트럴 입주예정자협의회
90,2026.04,어썸웨이브 용산,90,충청북도 충주시 용산동 40번지 외 1필지,한국투자부동산신탁 주식회사,"얼음정수기, 비데, 공기청정기, 식세기",어썸웨이브 용산 입주예정자협의회
90,2026.04,해링턴플레이스 노원 센트럴,61,서울특별시 노원구 노원로 495 (상계동 690),주식회사 엘앤피개발,"얼음정수기, 비데, 공기청정기, 식세기",해링턴플레이스 노원 센트럴 입주예정자협의회
90,2026.04,전주·완주 혁신도시 에코르 2단지 공가세대 일반공급,29,전북특별자치도 완주군 이서면 지사제로 29 (혁신도시 에코르 2단지 아파트),전북개발공사,"얼음정수기, 비데, 공기청정기, 식세기",전주·완주 혁신도시 에코르 2단지 공가세대 일반공급 입주예정자협의회
99,2026.05,학산 한신더휴 엘리트파크,1455,경상북도 포항시 북구 학산동 산53-15번지 외 33필지,우리자산신탁 주식회사,"얼음정수기, 비데, 공기청정기, 식세기",학산 한신더휴 엘리트파크 입주예정자협의회
99,2026.05,포항자이 애서턴,1433,경상북도 포항시 북구 학잠동 93-4번지 일원,한국투자부동산신탁 주식회사,"얼음정수기, 비데, 공기청정기, 식세기",포항자이 애서턴 입주예정자협의회
99,2026.05,창원 롯데캐슬 포레스트 1BL,967,경상남도 창원시 의창구 사화동 162번지 외 32필지,대신자산신탁 주식회사,"얼음정수기, 비데, 공기청정기, 식세기",창원 롯데캐슬 포레스트 1BL 입주예정자협의회
99,2026.05,힐스테이트 속초,925,강원특별자치도 속초시 금호동 622-40 일원,(주)무궁화신탁,"얼음정수기, 비데, 공기청정기, 식세기",힐스테이트 속초 입주예정자협의회
99,2026.05,월명공원 한라비발디 온더파크,874,충청북도 청주시 흥덕구 봉명동 산26번지 일원,주식회사 코람코자산신탁,"얼음정수기, 비데, 공기청정기, 식세기",월명공원 한라비발디 온더파크 입주예정자협의회
99,2026.05,군산 경남아너스빌 디오션,873,전라북도 군산시 조촌동 739-70일원,경남기업(주),"얼음정수기, 비데, 공기청정기, 식세기",군산 경남아너스빌 디오션 입주예정자협의회
99,2026.05,인천 검단신도시 AB13블록 호반써밋Ⅲ(사전청약),815,인천광역시 서구 원당동 검단신도시 AB13블록,티에스리빙 주식회사,"얼음정수기, 비데, 공기청정기, 식세기",인천 검단신도시 AB13블록 호반써밋Ⅲ(사전청약) 입주예정자협의회
99,2026.05,봉담 중흥S-클래스 센트럴에듀,806,경기도 화성시 봉담읍 동화리 동화지구 2BL,더뉴봉담(주),"얼음정수기, 비데, 공기청정기, 식세기",봉담 중흥S-클래스 센트럴에듀 입주예정자협의회
99,2026.05,인천검단신도시 디에트르 더 에듀(AA20BL),781,인천광역시 서구 불로동 검단신도시 AA20BL 공동주택용지,대방개발기업(주),"얼음정수기, 비데, 공기청정기, 식세기",인천검단신도시 디에트르 더 에듀(AA20BL) 입주예정자협의회
99,2026.05,한화 포레나 대전월평공원 2단지,690,대전광역시 서구 도마동 산39-1번지 일원,교보자산신탁(주),"얼음정수기, 비데, 공기청정기, 식세기",한화 포레나 대전월평공원 2단지 입주예정자협의회
99,2026.05,한화 포레나 대전월평공원 1단지,659,대전광역시 서구 정림동 산23-21번지 일원,교보자산신탁(주),"얼음정수기, 비데, 공기청정기, 식세기",한화 포레나 대전월평공원 1단지 입주예정자협의회
99,2026.05,인천가정2지구 A-2블록 신혼희망타운 공공분양주택(본청약),534,"인천광역시 서구 가정동, 심곡동, 연희동, 청라동, 일원 인천가정2 공공주택지구내 A-2블록",한국토지주택공사 인천지역본부,"얼음정수기, 비데, 공기청정기, 식세기",인천가정2지구 A-2블록 신혼희망타운 공공분양주택(본청약) 입주예정자협의회
90,2026.05,교대역 모아엘가 그랑데,461,광주광역시 동구 계림동 125번지 일원,계림4구역 주택재개발정비사업조합,"얼음정수기, 비데, 공기청정기, 식세기",교대역 모아엘가 그랑데 입주예정자협의회
90,2026.05,시화MTV 푸르지오 디오션,400,경기도 시흥시 정왕동 2715,(주)대한씨앤디,"얼음정수기, 비데, 공기청정기, 식세기",시화MTV 푸르지오 디오션 입주예정자협의회
90,2026.05,덕진 거제의 봄 우선분양전환 후 공가세대,376,"경상남도 거제시 아주2로 110 (아주동, 덕진 거제의봄 프리미엄 아파트)",덕진종합건설주식회사,"얼음정수기, 비데, 공기청정기, 식세기",덕진 거제의 봄 우선분양전환 후 공가세대 입주예정자협의회
90,2026.05,엘리프 성남신촌,320,경기도 성남시 수정구 성남신촌 공공주택지구 A2블록(신촌동 179-5번지 일원),계룡건설산업(주),"얼음정수기, 비데, 공기청정기, 식세기",엘리프 성남신촌 입주예정자협의회
90,2026.05,인천가정2 A2블록 신혼희망타운(공공분양) 추가모집,255,"인천광역시 서구 가정동, 심곡동, 연희동, 청라동 일원 인천가정2 공공주택지구내 A-2블록",한국토지주택공사 인천지역본부,"얼음정수기, 비데, 공기청정기, 식세기",인천가정2 A2블록 신혼희망타운(공공분양) 추가모집 입주예정자협의회
90,2026.05,안양자이 더 포레스트,212,경기도 안양시 만안구 석수2동 348번지 일대,화창지구재개발정비사업조합,"얼음정수기, 비데, 공기청정기, 식세기",안양자이 더 포레스트 입주예정자협의회
90,2026.05,더폴 디오션,184,부산광역시 해운대구 송정동 201-1번지 외 6필지,케이비부동산신탁(주),"얼음정수기, 비데, 공기청정기, 식세기",더폴 디오션 입주예정자협의회
90,2026.05,김해 대청천 에피트,131,경상남도 김해시 삼문동 466번지 일원,장유삼문지역주택조합,"얼음정수기, 비데, 공기청정기, 식세기",김해 대청천 에피트 입주예정자협의회
90,2026.05,한화포레나 부산대연,104,부산광역시 남구 대연동 455-25번지,대연3구역재건축정비사업조합,"얼음정수기, 비데, 공기청정기, 식세기",한화포레나 부산대연 입주예정자협의회
90,2026.05,구서 다움포레,68,부산광역시 금정구 구서동 203-14번지 일원,비엠산업개발주식회사,"얼음정수기, 비데, 공기청정기, 식세기",구서 다움포레 입주예정자협의회
90,2026.05,상무 양우내안애 퍼스트힐,57,광주광역시 서구 마륵동 47-7 일원,마륵동연화지역주택조합,"얼음정수기, 비데, 공기청정기, 식세기",상무 양우내안애 퍼스트힐 입주예정자협의회
90,2026.05,힐스테이트 안양펠루스,55,경기도 안양시 만안구 안양동 395-1번지,(주)무궁화신탁,"얼음정수기, 비데, 공기청정기, 식세기",힐스테이트 안양펠루스 입주예정자협의회
90,2026.05,VIORR(비오르),53,"서울특별시 강동구 천호동 356, 356-1번지",케이비부동산신탁(주),"얼음정수기, 비데, 공기청정기, 식세기",VIORR(비오르) 입주예정자협의회
90,2026.05,상무 양우내안애 퍼스트힐(조합원 취소분),10,광주광역시 서구 마륵동 47-7 일원,마륵동연화지역주택조합,"얼음정수기, 비데, 공기청정기, 식세기",상무 양우내안애 퍼스트힐(조합원 취소분) 입주예정자협의회
90,2026.05,힐스테이트 오산 더퍼스트(조합원 자격상실 및 제명세대)(2회차),9,"경기도 오산시 경기대로 24-27(갈곶동, 힐스테이트오산더퍼스트)",오산시현대지역주택조합,"얼음정수기, 비데, 공기청정기, 식세기",힐스테이트 오산 더퍼스트(조합원 자격상실 및 제명세대)(2회차) 입주예정자협의회
99,2026.06,제일풍경채 영종국제도시 A16BL(사전청약),1239,인천광역시 중구 영종국제도시 A16블록,(주)제이아이주택,"얼음정수기, 비데, 공기청정기, 식세기",제일풍경채 영종국제도시 A16BL(사전청약) 입주예정자협의회
99,2026.06,원주자이 센트로,970,강원특별자치도 원주시 단구동 894번지 일원,한국투자부동산신탁 주식회사,"얼음정수기, 비데, 공기청정기, 식세기",원주자이 센트로 입주예정자협의회
99,2026.06,오산세교2지구 A-13블록 호반써밋 본청약,850,경기도 오산시 오산세교2지구 A13블록,(주)호반자산개발,"얼음정수기, 비데, 공기청정기, 식세기",오산세교2지구 A-13블록 호반써밋 본청약 입주예정자협의회
99,2026.06,광주 송정 중흥S-클래스 파크뷰,840,경기도 광주시 송정동 산28-4번지 일원,송정파크(주),"얼음정수기, 비데, 공기청정기, 식세기",광주 송정 중흥S-클래스 파크뷰 입주예정자협의회
99,2026.06,이천중리B1-BL 우미린 어반퍼스트,785,경기도 이천시 이천중리 택지개발지구 내 B1블록,(주)이천중리제일차피에프브이,"얼음정수기, 비데, 공기청정기, 식세기",이천중리B1-BL 우미린 어반퍼스트 입주예정자협의회
99,2026.06,칸타빌 더 스위트,625,인천광역시 서구 원당동 810-1번지 외 9필지,"㈜대원에스앤디, 에이치엔개발㈜","얼음정수기, 비데, 공기청정기, 식세기",칸타빌 더 스위트 입주예정자협의회
99,2026.06,인덕원 퍼스비엘,586,경기도 의왕시 내손동 661번지 일원,의왕내손라주택재개발정비사업조합,"얼음정수기, 비데, 공기청정기, 식세기",인덕원 퍼스비엘 입주예정자협의회
99,2026.06,드파인 광안,567,부산광역시 수영구 광안동 1240-38번지,광안2구역주택재개발정비사업조합,"얼음정수기, 비데, 공기청정기, 식세기",드파인 광안 입주예정자협의회
90,2026.06,e편한세상 대전역 센텀비스타,400,대전광역시 동구 삼성동 112-1번지 일원,주식회사 케이티앤지,"얼음정수기, 비데, 공기청정기, 식세기",e편한세상 대전역 센텀비스타 입주예정자협의회
90,2026.06,울산KTX 우방 아이유쉘 퍼스트,344,울산광역시 울주군 삼남읍 신화리 1601-2번지,(주)우방,"얼음정수기, 비데, 공기청정기, 식세기",울산KTX 우방 아이유쉘 퍼스트 입주예정자협의회
90,2026.06,문수로 푸르지오 어반피스,339,울산광역시 남구 신정동 1266-6번지 일원,신영부동산신탁 주식회사,"얼음정수기, 비데, 공기청정기, 식세기",문수로 푸르지오 어반피스 입주예정자협의회
90,2026.06,롯데캐슬 인피니엘,303,부산광역시 남구 문현동 295-1번지 일원,문현제일 지역주택조합,"얼음정수기, 비데, 공기청정기, 식세기",롯데캐슬 인피니엘 입주예정자협의회
90,2026.06,더샵 달서센트엘로,272,대구광역시 달서구 본동 888-2번지 일원,신한자산신탁 주식회사,"얼음정수기, 비데, 공기청정기, 식세기",더샵 달서센트엘로 입주예정자협의회
90,2026.06,장성 남양휴튼 리버파크,180,전라남도 장성군 장성읍 기산리 112-3번지 일원,대한토지신탁(주),"얼음정수기, 비데, 공기청정기, 식세기",장성 남양휴튼 리버파크 입주예정자협의회
90,2026.06,시청역 해모로 센티아,131,부산광역시 연제구 연산동 1602번지 일원,연산5구역 재개발정비사업조합,"얼음정수기, 비데, 공기청정기, 식세기",시청역 해모로 센티아 입주예정자협의회
90,2026.06,e편한세상 금정 메종카운티,123,부산광역시 금정구 남산동 3-1번지 일원,남산1구역주택재건축정비사업조합,"얼음정수기, 비데, 공기청정기, 식세기",e편한세상 금정 메종카운티 입주예정자협의회
90,2026.06,울진후포 오션더캐슬,123,경상북도 울진군 후포면 금음리 5-4외 1필지,대한토지신탁(주),"얼음정수기, 비데, 공기청정기, 식세기",울진후포 오션더캐슬 입주예정자협의회
90,2026.06,ESTIA 신장림 센트럴,108,부산광역시 사하구 장림동 432번지 외 2필지,대승건설산업 주식회사,"얼음정수기, 비데, 공기청정기, 식세기",ESTIA 신장림 센트럴 입주예정자협의회
90,2026.06,파주금촌 금호어울림(조합원 취소분),60,경기도 파주시 금촌동 337-15번지(금촌2동제2지구 주택재개발정비사업),파주시금촌2동제2지구주택재개발정비사업조합,"얼음정수기, 비데, 공기청정기, 식세기",파주금촌 금호어울림(조합원 취소분) 입주예정자협의회
90,2026.06,선운지구다사로움 공가세대 일반공급,27,광주광역시 광산구 선운로 34 (선운지구다사로움아파트),광주광역시도시공사,"얼음정수기, 비데, 공기청정기, 식세기",선운지구다사로움 공가세대 일반공급 입주예정자협의회
99,2026.07,도안 우미린 트리쉐이드,1375,대전광역시 유성구 용계동 산27-1번지 일원,코리아신탁(주),"얼음정수기, 비데, 공기청정기, 식세기",도안 우미린 트리쉐이드 입주예정자협의회
99,2026.07,e편한세상 검단 웰카운티(국민주택),1166,인천광역시 서구 원당동 1026-1(인천검단신도시 AA10-1블록),"인천도시공사,디엘이앤씨㈜,신동아건설㈜,㈜국원건설,㈜선두종합건설,㈜보광종합건설,청암종합건설㈜","얼음정수기, 비데, 공기청정기, 식세기",e편한세상 검단 웰카운티(국민주택) 입주예정자협의회
99,2026.07,부산에코델타시티 디에트르 더 퍼스트(28BL),972,부산광역시 강서구 에코델타시티 공동주택용지 28BL,디비건설(주),"얼음정수기, 비데, 공기청정기, 식세기",부산에코델타시티 디에트르 더 퍼스트(28BL) 입주예정자협의회
99,2026.07,e편한세상 검단 에코비스타,732,인천광역시 서구 검단신도시 AA29BL(마전동),우리자산신탁 주식회사,"얼음정수기, 비데, 공기청정기, 식세기",e편한세상 검단 에코비스타 입주예정자협의회
99,2026.07,복대자이 더 스카이,715,충청북도 청주시 흥덕구 복대동 100-28번지 일원,우리자산신탁 주식회사,"얼음정수기, 비데, 공기청정기, 식세기",복대자이 더 스카이 입주예정자협의회
99,2026.07,평택화양 서희스타힐스 센트럴파크,713,경기도 평택시 현덕면 화양리 평택화양지구 8블록(A8BL 2LOT),평택화양지구지역주택조합,"얼음정수기, 비데, 공기청정기, 식세기",평택화양 서희스타힐스 센트럴파크 입주예정자협의회
99,2026.07,동탄신도시 금강펜테리움 7차 센트럴파크,662,경기도 화성시 신동 동탄2택지개발지구(A57-2블럭),주식회사 하이아트이앤씨,"얼음정수기, 비데, 공기청정기, 식세기",동탄신도시 금강펜테리움 7차 센트럴파크 입주예정자협의회
99,2026.07,파주운정3 A22블록 공공분양주택(본청약),642,경기도 파주시 동패동 일원 파주운정3 택지개발지구내 A22블록,한국토지주택공사 경기북부지역본부,"얼음정수기, 비데, 공기청정기, 식세기",파주운정3 A22블록 공공분양주택(본청약) 입주예정자협의회
90,2026.07,다산 월드메르디앙 센텀하이,463,경상북도 고령군 다산면 좌학리 139-1번지 일원,한국투자부동산신탁 주식회사,"얼음정수기, 비데, 공기청정기, 식세기",다산 월드메르디앙 센텀하이 입주예정자협의회
90,2026.07,e편한세상 제물포역 파크메종,449,인천광역시 미추홀구 숭의동 18번지 일대,숭의3주택재개발정비사업조합,"얼음정수기, 비데, 공기청정기, 식세기",e편한세상 제물포역 파크메종 입주예정자협의회
90,2026.07,광주 선운2지구 예다음(B-2블록)(본청약),395,광주광역시 광산구 운수동 선운2지구 B-2BL,(주)영무건설,"얼음정수기, 비데, 공기청정기, 식세기",광주 선운2지구 예다음(B-2블록)(본청약) 입주예정자협의회
90,2026.07,남울산 노르웨이숲,332,울산광역시 울주군 온양읍 발리 440-1번지 일원,울산온양발리스타지역주택조합,"얼음정수기, 비데, 공기청정기, 식세기",남울산 노르웨이숲 입주예정자협의회
90,2026.07,e편한세상 검단 웰카운티(민영주택),292,인천광역시 서구 원당동 1026-1(인천검단신도시 AA10-1블록),"인천도시공사,디엘이앤씨㈜,신동아건설㈜,㈜국원건설,㈜선두종합건설,㈜보광종합건설,청암종합건설㈜","얼음정수기, 비데, 공기청정기, 식세기",e편한세상 검단 웰카운티(민영주택) 입주예정자협의회
90,2026.07,세종 금강펜테리움 더 시글로(4-2생활권 H3BL) (사전청약),272,세종특별자치시 행정중심복합도시 4-2생활권 H3BL(집현동 926-2답 일원),금강종합건설 주식회사,"얼음정수기, 비데, 공기청정기, 식세기",세종 금강펜테리움 더 시글로(4-2생활권 H3BL) (사전청약) 입주예정자협의회
90,2026.07,트루엘 시그니처 천안역,236,충청남도 천안시 동남구 문화동 78-1외 9필지,주식회사 코람코자산신탁,"얼음정수기, 비데, 공기청정기, 식세기",트루엘 시그니처 천안역 입주예정자협의회
90,2026.07,더샵 연동애비뉴,204,제주특별자치도 제주시 연동 261-37번지 외 5필지 일원,케이비부동산신탁(주),"얼음정수기, 비데, 공기청정기, 식세기",더샵 연동애비뉴 입주예정자협의회
90,2026.07,힐스테이트 이천역 2단지,168,경기도 이천시 증일동 60-5번지 일원,중리신도시현대지역주택조합,"얼음정수기, 비데, 공기청정기, 식세기",힐스테이트 이천역 2단지 입주예정자협의회
90,2026.07,의정부역 파밀리에Ⅱ,150,"경기도 의정부시 의정부동 100-1, 100-2번",주식회사 하나자산신탁,"얼음정수기, 비데, 공기청정기, 식세기",의정부역 파밀리에Ⅱ 입주예정자협의회
90,2026.07,힐스테이트 이천역 1단지,146,경기도 이천시 증일동 79-4번지 일원,중리신도시현대지역주택조합2,"얼음정수기, 비데, 공기청정기, 식세기",힐스테이트 이천역 1단지 입주예정자협의회
90,2026.07,경희궁 유보라,108,서울특별시 서대문구 영천동 69-20외 160필지,영천구역주택재개발정비사업조합,"얼음정수기, 비데, 공기청정기, 식세기",경희궁 유보라 입주예정자협의회
90,2026.07,오티에르 반포,86,서울특별시 서초구 잠원동 59-10번지 외 3필지,신반포21차아파트주택재건축정비사업조합,"얼음정수기, 비데, 공기청정기, 식세기",오티에르 반포 입주예정자협의회
90,2026.07,디 아테온(THE ATHEON),64,서울특별시 강동구 길동 336-1번지,(주)무궁화신탁,"얼음정수기, 비데, 공기청정기, 식세기",디 아테온(THE ATHEON) 입주예정자협의회
90,2026.07,평택화양 서희스타힐스 센트럴파크(조합원 취소분),47,경기도 평택시 현덕면 화양리 평택화양지구 8블록(A8BL 2LOT),평택화양지구지역주택조합,"얼음정수기, 비데, 공기청정기, 식세기",평택화양 서희스타힐스 센트럴파크(조합원 취소분) 입주예정자협의회
90,2026.07,남울산 노르웨이숲(조합원 취소분),31,울산광역시 울주군 온양읍 발리 440-1번지 일원,울산온양발리스타지역주택조합,"얼음정수기, 비데, 공기청정기, 식세기",남울산 노르웨이숲(조합원 취소분) 입주예정자협의회
90,2026.07,e편한세상 제물포역 파크메종(조합원 취소분),29,인천광역시 미추홀구 숭의동 18번지 일대,숭의3주택재개발정비사업조합,"얼음정수기, 비데, 공기청정기, 식세기",e편한세상 제물포역 파크메종(조합원 취소분) 입주예정자협의회
90,2026.07,북서울자이 폴라리스(보류지),6,서울특별시 강북구 미아동 791-364번지 일대 (미아 3구역 주택재개발 정비사업),미아제3구역주택재개발정비사업조합,"얼음정수기, 비데, 공기청정기, 식세기",북서울자이 폴라리스(보류지) 입주예정자협의회
99,2026.08,평택 브레인시티 2BL 대광로제비앙 모아엘가,1700,경기도 평택시 장안동 평택브레인시티 일반산업단지 공동2BL,주식회사 포레지아,"얼음정수기, 비데, 공기청정기, 식세기",평택 브레인시티 2BL 대광로제비앙 모아엘가 입주예정자협의회
99,2026.08,탕정 푸르지오 리버파크,1626,충청남도 아산시 탕정면 갈산리 아산탕정테크노 일반산업단지 C2BL,케이비부동산신탁(주),"얼음정수기, 비데, 공기청정기, 식세기",탕정 푸르지오 리버파크 입주예정자협의회
99,2026.08,매교역 팰루시드,1234,경기도 수원시 권선구 세류동 817-72번지 일원,권선113의6구역주택재개발정비사업조합,"얼음정수기, 비데, 공기청정기, 식세기",매교역 팰루시드 입주예정자협의회
99,2026.08,춘천 레이크시티 아이파크,874,강원특별자치도 춘천시 삼천동 22-2번지 일원,주식회사 하나자산신탁,"얼음정수기, 비데, 공기청정기, 식세기",춘천 레이크시티 아이파크 입주예정자협의회
99,2026.08,강릉 오션시티 아이파크,794,강원특별자치도 강릉시 견소동 244-2번지 일원,주식회사 하나자산신탁,"얼음정수기, 비데, 공기청정기, 식세기",강릉 오션시티 아이파크 입주예정자협의회
99,2026.08,위파크 더 센트럴,625,광주광역시 서구 풍암동 10-12번지 일원,중앙파크 주식회사,"얼음정수기, 비데, 공기청정기, 식세기",위파크 더 센트럴 입주예정자협의회
99,2026.08,해링턴 플레이스 테크노폴리스,602,충청북도 청주시 흥덕구 송절동 513-2번지 일원(청주 테크노폴리스 S2블록),신한자산신탁 주식회사,"얼음정수기, 비데, 공기청정기, 식세기",해링턴 플레이스 테크노폴리스 입주예정자협의회
99,2026.08,이천자이 더 리체,558,경기도 이천시 증포동 323-20번지 일원,교보자산신탁(주),"얼음정수기, 비데, 공기청정기, 식세기",이천자이 더 리체 입주예정자협의회
99,2026.08,반포 래미안 트리니원,506,서울특별시 서초구 반포동 1109번지 일대,반포아파트(제3주구) 주택재건축정비사업조합,"얼음정수기, 비데, 공기청정기, 식세기",반포 래미안 트리니원 입주예정자협의회
90,2026.08,논산 푸르지오 더 퍼스트,433,충청남도 논산시 연무읍 안심리 26번지 일원,우리자산신탁 주식회사,"얼음정수기, 비데, 공기청정기, 식세기",논산 푸르지오 더 퍼스트 입주예정자협의회
90,2026.08,평택 고덕국제신도시 A48블록 금성백조 예미지,431,경기도 평택시 고덕국제화계획지구 A-48블록,(주)금성백조건설,"얼음정수기, 비데, 공기청정기, 식세기",평택 고덕국제신도시 A48블록 금성백조 예미지 입주예정자협의회
90,2026.08,파주 운정신도시 우미 린 더 센텀,418,경기도 파주시 운정3지구 A21BL,(주)명일건설,"얼음정수기, 비데, 공기청정기, 식세기",파주 운정신도시 우미 린 더 센텀 입주예정자협의회
90,2026.08,파주 운정3지구 주상복합용지 4BL (사전청약),402,경기도 파주시 파주운정3지구 주상복합 4블록(경기도 파주시 동패동 400-7번지 일원),디에스네트웍스(주),"얼음정수기, 비데, 공기청정기, 식세기",파주 운정3지구 주상복합용지 4BL (사전청약) 입주예정자협의회
90,2026.08,파주 운정3지구 주상복합용지 3BL (사전청약),402,경기도 파주시 파주운정3지구 주상복합 3블록(경기도 파주시 동패동 1673번지 일원),디에스네트웍스(주),"얼음정수기, 비데, 공기청정기, 식세기",파주 운정3지구 주상복합용지 3BL (사전청약) 입주예정자협의회
90,2026.08,마곡지구 17단지 토지임대부(본청약),381,"서울특별시 강서구 마곡동 747-1, 마곡지구 17단지",서울주택도시개발공사,"얼음정수기, 비데, 공기청정기, 식세기",마곡지구 17단지 토지임대부(본청약) 입주예정자협의회
90,2026.08,옥동 경남아너스빌 ubc,320,울산광역시 남구 옥동 651-2번지 일원,(주)유비씨플러스,"얼음정수기, 비데, 공기청정기, 식세기",옥동 경남아너스빌 ubc 입주예정자협의회
90,2026.08,운서역 대라수 어썸에듀,311,인천광역시 중구 영종하늘도시 A14BL,주은주택건설주식회사,"얼음정수기, 비데, 공기청정기, 식세기",운서역 대라수 어썸에듀 입주예정자협의회
90,2026.08,오션 월드메르디앙 더 리치먼드,221,경상남도 거제시 아주동 산16-2번지 일원,교보자산신탁(주),"얼음정수기, 비데, 공기청정기, 식세기",오션 월드메르디앙 더 리치먼드 입주예정자협의회
90,2026.08,문수로 롯데캐슬 그랑파르크,193,울산광역시 남구 신정동 1267-6번지 외 21필지,(주)한국토지신탁,"얼음정수기, 비데, 공기청정기, 식세기",문수로 롯데캐슬 그랑파르크 입주예정자협의회
90,2026.08,엘리프 미아역 2단지,160,서울특별시 강북구 도봉로 222 (미아동),주식회사 케이티앤지,"얼음정수기, 비데, 공기청정기, 식세기",엘리프 미아역 2단지 입주예정자협의회
90,2026.08,평택역 더센트럴45,99,경기도 평택시 평택동 45-1,코리아신탁주식회사,"얼음정수기, 비데, 공기청정기, 식세기",평택역 더센트럴45 입주예정자협의회
90,2026.08,광주 서구 광천동 PH543,99,광주광역시 서구 광천동 54-3번지 일원,주식회사 하나자산신탁,"얼음정수기, 비데, 공기청정기, 식세기",광주 서구 광천동 PH543 입주예정자협의회
90,2026.08,센텀 엘카사,74,울산광역시 울주군 온양읍 화산발리로 706,우리자산신탁(주),"얼음정수기, 비데, 공기청정기, 식세기",센텀 엘카사 입주예정자협의회
90,2026.08,엘리프 미아역 1단지,66,서울특별시 강북구 도봉로 232 (미아동),주식회사 케이티앤지,"얼음정수기, 비데, 공기청정기, 식세기",엘리프 미아역 1단지 입주예정자협의회
90,2026.08,고강역 신원아침도시 퍼스티지,47,경기도 부천시 오정구 고강동 307,건우아파트가로주택정비사업조합,"얼음정수기, 비데, 공기청정기, 식세기",고강역 신원아침도시 퍼스티지 입주예정자협의회
90,2026.08,무등산 더힐(조합원 취소분),33,광주광역시 동구 지산동 317-19번지 일원,지산동지역주택조합,"얼음정수기, 비데, 공기청정기, 식세기",무등산 더힐(조합원 취소분) 입주예정자협의회
99,2026.09,디에이치 방배,1244,서울특별시 서초구 방배동 946-8번지 일원,방배5구역주택재건축정비사업조합,"얼음정수기, 비데, 공기청정기, 식세기",디에이치 방배 입주예정자협의회
99,2026.09,강릉 모아미래도 오션리버,561,강원특별자치도 강릉시 견소동 219번지 외 19필지,(주)미래도건설,"얼음정수기, 비데, 공기청정기, 식세기",강릉 모아미래도 오션리버 입주예정자협의회
99,2026.09,춘천 금호어울림 더 퍼스트,543,강원특별자치도 춘천시 동면 만천리 785번지 일원,주식회사 하나자산신탁,"얼음정수기, 비데, 공기청정기, 식세기",춘천 금호어울림 더 퍼스트 입주예정자협의회
99,2026.09,회천중앙역 대광로제비앙(본청약),541,경기도 양주시 양주회천지구 A12BL,공공제1호양주회천피에프브이(주),"얼음정수기, 비데, 공기청정기, 식세기",회천중앙역 대광로제비앙(본청약) 입주예정자협의회
90,2026.09,아산 신창1차 광신프로그레스,450,충청남도 아산시 신창면 남성리 177-3번지 일원,(주)유노산업,"얼음정수기, 비데, 공기청정기, 식세기",아산 신창1차 광신프로그레스 입주예정자협의회
90,2026.09,e편한세상 신곡 시그니처뷰,407,경기도 의정부시 신곡동 435-3번지 일대,장암생활권3구역주택재개발정비사업조합,"얼음정수기, 비데, 공기청정기, 식세기",e편한세상 신곡 시그니처뷰 입주예정자협의회
90,2026.09,연제첨단 광신프로그레스,380,광주광역시 북구 연제동 583-6번지 일원,(주)아람주택,"얼음정수기, 비데, 공기청정기, 식세기",연제첨단 광신프로그레스 입주예정자협의회
90,2026.09,파주 운정3 이지더원(A44BL),379,"경기도 파주시 운정3 A44BL(경기도 파주시 동패동, 418번지 일원)",(주)이지종합개발,"얼음정수기, 비데, 공기청정기, 식세기",파주 운정3 이지더원(A44BL) 입주예정자협의회
90,2026.09,송내역 푸르지오 센트비엔,225,경기도 부천시 송내동 339번지 일원,송내1-1구역주택재건축정비사업조합,"얼음정수기, 비데, 공기청정기, 식세기",송내역 푸르지오 센트비엔 입주예정자협의회
90,2026.09,한화포레나 안산고잔2차,178,경기도 안산시 단원구 고잔동 648,고잔연립9구역 주택재건축 정비사업조합,"얼음정수기, 비데, 공기청정기, 식세기",한화포레나 안산고잔2차 입주예정자협의회
90,2026.09,거제역 양우내안애 아시아드,168,부산광역시 연제구 거제동 439-10번지 일원,케이비부동산신탁(주),"얼음정수기, 비데, 공기청정기, 식세기",거제역 양우내안애 아시아드 입주예정자협의회
90,2026.09,보문 센트럴 아이파크,87,서울특별시 성북구 보문동1가 196-11일대,보문제5구역주택재개발정비사업조합,"얼음정수기, 비데, 공기청정기, 식세기",보문 센트럴 아이파크 입주예정자협의회
90,2026.09,상무 양우내안에 퍼스트힐(조합원 취소분),72,광주광역시 서구 마륵동 47-7 일원,마륵동연화지역주택조합,"얼음정수기, 비데, 공기청정기, 식세기",상무 양우내안에 퍼스트힐(조합원 취소분) 입주예정자협의회
90,2026.09,운암산공원 진아리채 그랑뷰,69,광주광역시 북구 동림동 272번지 일원,운암산 진아리채 지역주택조합,"얼음정수기, 비데, 공기청정기, 식세기",운암산공원 진아리채 그랑뷰 입주예정자협의회
90,2026.09,중앙하이츠 갈산역 센트럴,50,인천광역시 부평구 갈산동 181-11 외 1필지,백조아파트소규모재건축정비사업조합,"얼음정수기, 비데, 공기청정기, 식세기",중앙하이츠 갈산역 센트럴 입주예정자협의회
90,2026.09,창원 센트럴 아이파크,36,경상남도 창원시 성산구 신월동 90번지 일원,신월2주택재건축정비사업조합,"얼음정수기, 비데, 공기청정기, 식세기",창원 센트럴 아이파크 입주예정자협의회
99,2026.10,첨단 제일풍경채 A2블록,1845,광주연구개발특구 첨단3지구 A2블록(전라남도 장성군 진원면),주식회사 광주첨단3피에프브이,"얼음정수기, 비데, 공기청정기, 식세기",첨단 제일풍경채 A2블록 입주예정자협의회
99,2026.10,힐스테이트 첨단센트럴,1520,광주연구개발특구 첨단3지구 A1블록(전라남도 장성군 진원면),주식회사 광주첨단3피에프브이,"얼음정수기, 비데, 공기청정기, 식세기",힐스테이트 첨단센트럴 입주예정자협의회
99,2026.10,위파크 일곡공원,903,광주광역시 북구 삼각동 700번지일원,일곡공원개발 주식회사,"얼음정수기, 비데, 공기청정기, 식세기",위파크 일곡공원 입주예정자협의회
99,2026.10,오산역 금강펜테리움 센트럴파크(A8블록),730,경기도 오산시 가수동 449번지(오산세교2지구 A8BL),주식회사 하이아트,"얼음정수기, 비데, 공기청정기, 식세기",오산역 금강펜테리움 센트럴파크(A8블록) 입주예정자협의회
99,2026.10,첨단 제일풍경채 A5블록,584,광주광역시 북구 월출동 광주연구개발특구 첨단3지구 A5블록,주식회사 광주첨단3피에프브이,"얼음정수기, 비데, 공기청정기, 식세기",첨단 제일풍경채 A5블록 입주예정자협의회
90,2026.10,힐스테이트 메디알레,483,"서울특별시 은평구 대조동 88, 89번지 일원",대조제1구역주택재개발정비사업조합,"얼음정수기, 비데, 공기청정기, 식세기",힐스테이트 메디알레 입주예정자협의회
90,2026.10,e편한세상 평촌 어반밸리,458,경기도 안양시 동안구 호계동 533-3번지,주식회사 케이티앤지,"얼음정수기, 비데, 공기청정기, 식세기",e편한세상 평촌 어반밸리 입주예정자협의회
90,2026.10,서산 센트럴 아이파크,410,충청남도 서산시 석림동 528-1번지 일원,에이치디씨현대산업개발 주식회사,"얼음정수기, 비데, 공기청정기, 식세기",서산 센트럴 아이파크 입주예정자협의회
90,2026.10,제일풍경채 검단Ⅲ 본청약,393,인천광역시 서구 불로동 검단신도시 AB20-1블록,(주)창암종합건설,"얼음정수기, 비데, 공기청정기, 식세기",제일풍경채 검단Ⅲ 본청약 입주예정자협의회
90,2026.10,더샵 중앙로역센터폴,299,대구광역시 중구 사일동 15-1 일원,케이비부동산신탁(주),"얼음정수기, 비데, 공기청정기, 식세기",더샵 중앙로역센터폴 입주예정자협의회
90,2026.10,홍성2차 승원팰리체 시그니처,293,충청남도 홍성군 광천읍 광천리 154-47번지 일원,승원개발 주식회사,"얼음정수기, 비데, 공기청정기, 식세기",홍성2차 승원팰리체 시그니처 입주예정자협의회
90,2026.10,힐스테이트 등촌역,274,서울특별시 강서구 등촌동 366-24번지 일원,등촌1구역주택재건축정비사업조합,"얼음정수기, 비데, 공기청정기, 식세기",힐스테이트 등촌역 입주예정자협의회
90,2026.10,스위트 클래스 더 스카이 45,264,강원도 홍천군 홍천읍 희망리 396-9 외 7필지,(주)무궁화신탁,"얼음정수기, 비데, 공기청정기, 식세기",스위트 클래스 더 스카이 45 입주예정자협의회
90,2026.10,봉동 한양립스 센텀포레,256,전북특별자치도 완주군 봉동읍 용암리 48-4 일원,봉동지역주택조합,"얼음정수기, 비데, 공기청정기, 식세기",봉동 한양립스 센텀포레 입주예정자협의회
90,2026.10,삼문 시그니처 웰가,232,경상남도 밀양시 삼문동 620-1번지 외 9필지,대한토지신탁(주),"얼음정수기, 비데, 공기청정기, 식세기",삼문 시그니처 웰가 입주예정자협의회
90,2026.10,성남 금토지구 A-3블록 중흥S-클래스 (사전청약),229,경기도 성남시 수정구 금토로 44-5(금토동),세종건설산업(주),"얼음정수기, 비데, 공기청정기, 식세기",성남 금토지구 A-3블록 중흥S-클래스 (사전청약) 입주예정자협의회
90,2026.10,포항자이 디오션,212,경상북도 포항시 북구 항구동 17-358번지 일원,한국투자부동산신탁(주),"얼음정수기, 비데, 공기청정기, 식세기",포항자이 디오션 입주예정자협의회
90,2026.10,대상 웰라움 홍천,200,강원특별자치도 홍천군 홍천읍 갈마곡리 23-26 일원,대신자산신탁 주식회사,"얼음정수기, 비데, 공기청정기, 식세기",대상 웰라움 홍천 입주예정자협의회
90,2026.10,e편한세상 신정 스카이하임,158,울산광역시 남구 신정동 1136-3번지 외 15필지,신영부동산신탁 주식회사,"얼음정수기, 비데, 공기청정기, 식세기",e편한세상 신정 스카이하임 입주예정자협의회
90,2026.10,래미안 레벤투스,133,서울특별시 강남구 도곡동 540번지 일대(도곡삼호아파트 재건축정비사업조합),도곡삼호아파트재건축정비사업조합,"얼음정수기, 비데, 공기청정기, 식세기",래미안 레벤투스 입주예정자협의회
90,2026.10,운정3 제일풍경채(A46BL) (본청약),121,경기도 파주시 운정3지구 A46BL (경기도 파주시 동패동 415-13번지 일원),"(주)파주운정46피에프브이,(주)웰메이드스페이스","얼음정수기, 비데, 공기청정기, 식세기",운정3 제일풍경채(A46BL) (본청약) 입주예정자협의회
90,2026.10,서귀포시 서홍동 형남아파트6차,94,제주특별자치도 서귀포시 서홍동 384-5번지 일원,(주)승미주택,"얼음정수기, 비데, 공기청정기, 식세기",서귀포시 서홍동 형남아파트6차 입주예정자협의회
90,2026.10,동작 보라매역 프리센트,91,서울특별시 동작구 신대방동 377-1번지 외 5필지,대신자산신탁 주식회사,"얼음정수기, 비데, 공기청정기, 식세기",동작 보라매역 프리센트 입주예정자협의회
90,2026.10,남울산 노르웨이숲(조합원 취소분)(2회차),52,울산광역시 울주군 온양읍 발리동상로 34,울산온양발리스타지역주택조합,"얼음정수기, 비데, 공기청정기, 식세기",남울산 노르웨이숲(조합원 취소분)(2회차) 입주예정자협의회
90,2026.10,여월 중앙하이츠 아르비채,37,경기도 부천시 오정구 여월동 8-9번지 외 4필지,여월동 광남복지 가로주택정비사업조합,"얼음정수기, 비데, 공기청정기, 식세기",여월 중앙하이츠 아르비채 입주예정자협의회
90,2026.10,시흥 은계 에피트,30,경기도 시흥시 은행동 289-31번지 일원,신극동아파트 가로주택정비사업조합,"얼음정수기, 비데, 공기청정기, 식세기",시흥 은계 에피트 입주예정자협의회
90,2026.10,시흥 은계 에피트(조합원 취소분),24,경기도 시흥시 은행동 289-31번지 일원,신극동아파트 가로주택정비사업조합,"얼음정수기, 비데, 공기청정기, 식세기",시흥 은계 에피트(조합원 취소분) 입주예정자협의회
90,2026.10,문수데시앙2단지 공가세대 일반공급,22,울산광역시 울주군 청량읍 율리영해2길 7 (문수데시앙 2단지 아파트),울산광역시도시공사,"얼음정수기, 비데, 공기청정기, 식세기",문수데시앙2단지 공가세대 일반공급 입주예정자협의회
99,2026.11,서신 더샵 비발디,1225,전북특별자치도 전주시 완산구 서신동 40-4번지 일대,서신동감나무골주택재개발정비사업조합,"얼음정수기, 비데, 공기청정기, 식세기",서신 더샵 비발디 입주예정자협의회
99,2026.11,울산 다운2지구 우미린 더 시그니처 본청약,1109,울산광역시 울주군 범서읍 서사리 305번지 일원(울산 다운2지구 B-2BL),(주)우미개발,"얼음정수기, 비데, 공기청정기, 식세기",울산 다운2지구 우미린 더 시그니처 본청약 입주예정자협의회
99,2026.11,부산 에코델타시티 16블록 중흥S-클래스,1067,부산광역시 강서구 강동동 에코델타시티 16BL,중봉산업개발(주),"얼음정수기, 비데, 공기청정기, 식세기",부산 에코델타시티 16블록 중흥S-클래스 입주예정자협의회
99,2026.11,이천 중리지구 B3블록 금성백조 예미지,1009,경기도 이천시 중리지구 B3블록(중리동 518번지),(주)금성백조주택,"얼음정수기, 비데, 공기청정기, 식세기",이천 중리지구 B3블록 금성백조 예미지 입주예정자협의회
99,2026.11,평택 푸르지오 센터파인,851,경기도 평택시 현덕면 평택 화양지구 도시개발사업 9-2BL,교보자산신탁(주),"얼음정수기, 비데, 공기청정기, 식세기",평택 푸르지오 센터파인 입주예정자협의회
99,2026.11,영주자이 시그니처,763,경상북도 영주시 상망동 산78-1번지 일원,주식회사 하나자산신탁,"얼음정수기, 비데, 공기청정기, 식세기",영주자이 시그니처 입주예정자협의회
99,2026.11,평택 화양 동문 디 이스트,753,경기도 평택시 화양지구 6-2BL(경기도 평택시 현덕면 운정리 150-1번지 일원),(주)미르앤에셋,"얼음정수기, 비데, 공기청정기, 식세기",평택 화양 동문 디 이스트 입주예정자협의회
99,2026.11,의왕 센트라인 데시앙,532,경기도 의왕시 오전동 32-4번지,오전나구역주택재개발정비사업조합,"얼음정수기, 비데, 공기청정기, 식세기",의왕 센트라인 데시앙 입주예정자협의회
99,2026.11,이천 중리지구 A-2블록 신안인스빌 퍼스티지,523,경기도 이천시 증일동 중리택지개발지구 A2블록,(주)관악,"얼음정수기, 비데, 공기청정기, 식세기",이천 중리지구 A-2블록 신안인스빌 퍼스티지 입주예정자협의회
90,2026.11,성남 복정1지구 B3블록(사전청약),417,경기도 성남시 수정구 복정1지구 B3BL,(주)보광종합건설,"얼음정수기, 비데, 공기청정기, 식세기",성남 복정1지구 B3블록(사전청약) 입주예정자협의회
90,2026.11,동래 반도 유보라,400,부산광역시 동래구 낙민동 76-1번지 일원,주식회사 하나자산신탁,"얼음정수기, 비데, 공기청정기, 식세기",동래 반도 유보라 입주예정자협의회
90,2026.11,공주월송지구 경남아너스빌,366,충청남도 공주시 월송동 671-1 (B-4BL),에스엠상선(주)건설부문,"얼음정수기, 비데, 공기청정기, 식세기",공주월송지구 경남아너스빌 입주예정자협의회
90,2026.11,용인 에버랜드역 칸타빌,348,경기도 용인시 처인구 포곡읍 전대리 192-2외 5필지,디더블유대원 주식회사,"얼음정수기, 비데, 공기청정기, 식세기",용인 에버랜드역 칸타빌 입주예정자협의회
90,2026.11,관저 푸르지오 센트럴파크 2단지,264,대전광역시 서구 가수원동 산 16-119번지 일원 (계백지구 도시개발사업구역 공동주택용지 A2블럭),신한자산신탁 주식회사,"얼음정수기, 비데, 공기청정기, 식세기",관저 푸르지오 센트럴파크 2단지 입주예정자협의회
90,2026.11,관저 푸르지오 센트럴파크 1단지,264,대전광역시 서구 관저동 7-27번지 일원 (계백지구 도시개발사업구역 공동주택용지 A1블럭),신한자산신탁 주식회사,"얼음정수기, 비데, 공기청정기, 식세기",관저 푸르지오 센트럴파크 1단지 입주예정자협의회
90,2026.11,강릉자이르네 디오션,228,강원특별자치도 강릉시 송정동 산77-3번지 일원,한국투자부동산신탁㈜,"얼음정수기, 비데, 공기청정기, 식세기",강릉자이르네 디오션 입주예정자협의회
90,2026.11,e편한세상 번영로 리더스포레,192,울산광역시 남구 야음동 828-29번지 일원,코리아신탁(주),"얼음정수기, 비데, 공기청정기, 식세기",e편한세상 번영로 리더스포레 입주예정자협의회
90,2026.11,청양 금성백조 예미지 퍼스트클래스,182,충청남도 청양군 청양읍 읍내리 308-4번지,(주)금성백조주택,"얼음정수기, 비데, 공기청정기, 식세기",청양 금성백조 예미지 퍼스트클래스 입주예정자협의회
90,2026.11,강변역 센트럴 아이파크,68,서울특별시 광진구 구의동 592-39번지 일원,(주)한국토지신탁,"얼음정수기, 비데, 공기청정기, 식세기",강변역 센트럴 아이파크 입주예정자협의회
90,2026.11,홍대입구역 센트럴 아르떼 해모로,52,서울특별시 마포구 동교동 200-2번지 일원,케이비부동산신탁(주),"얼음정수기, 비데, 공기청정기, 식세기",홍대입구역 센트럴 아르떼 해모로 입주예정자협의회
99,2026.12,해링턴 마레,1382,부산광역시 남구 우암동 198-3번지 일원,우암1구역주택재개발정비사업조합,"얼음정수기, 비데, 공기청정기, 식세기",해링턴 마레 입주예정자협의회
99,2026.12,인천 연희공원 호반써밋 파크에디션,1370,인천광역시 서구 연희동 166-10번지(외 70필지) 일원,연희파크 주식회사,"얼음정수기, 비데, 공기청정기, 식세기",인천 연희공원 호반써밋 파크에디션 입주예정자협의회
99,2026.12,고양 장항 제일풍경채,1184,경기도 고양시 일산동구 장항동 658-65 일원(고양장항지구 B-1BL),주식회사 고양장항1피에프브이,"얼음정수기, 비데, 공기청정기, 식세기",고양 장항 제일풍경채 입주예정자협의회
99,2026.12,더샵 탕정인피니티시티,1140,충청남도 아산시 아산탕정지구 도시개발구역 A4BL,한국자산신탁(주),"얼음정수기, 비데, 공기청정기, 식세기",더샵 탕정인피니티시티 입주예정자협의회
99,2026.12,보령 엘리체 헤리티지,971,충청남도 보령시 동대동 391번지외 62필지,에스이앤씨유한회사,"얼음정수기, 비데, 공기청정기, 식세기",보령 엘리체 헤리티지 입주예정자협의회
99,2026.12,힐스테이트 중외공원 2블록,785,광주광역시 북구 매곡동 산131-1번지 일원(중외근린공원),(주)한국토지신탁,"얼음정수기, 비데, 공기청정기, 식세기",힐스테이트 중외공원 2블록 입주예정자협의회
99,2026.12,인천계양지구 A-2블록 공공분양주택(본청약),747,"인천광역시 계양구 귤현동, 동양동, 박촌동, 병방동, 상야동 일원 인천계양테크노밸리 공공주택지구 내 A2블록",한국토지주택공사 인천지역본부,"얼음정수기, 비데, 공기청정기, 식세기",인천계양지구 A-2블록 공공분양주택(본청약) 입주예정자협의회
99,2026.12,군산 레이크시티 아이파크,722,전라북도 군산시 지곡동 산 137-1번지 일원,신한자산신탁 주식회사,"얼음정수기, 비데, 공기청정기, 식세기",군산 레이크시티 아이파크 입주예정자협의회
99,2026.12,힐스테이트 중외공원 3블록,681,광주광역시 북구 매곡동 355번지 일원(중외근린공원),(주)한국토지신탁,"얼음정수기, 비데, 공기청정기, 식세기",힐스테이트 중외공원 3블록 입주예정자협의회
99,2026.12,회천중앙역 로제비앙 그랜드센텀,642,경기도 양주시 회정동 양주신도시 회천지구 A11블록,(주)대광건영,"얼음정수기, 비데, 공기청정기, 식세기",회천중앙역 로제비앙 그랜드센텀 입주예정자협의회
99,2026.12,수원 당수지구 D3블록(사전청약),593,경기도 수원시 권선구 수원당수 공공주택지구 내 D3BL,(주)태영건설,"얼음정수기, 비데, 공기청정기, 식세기",수원 당수지구 D3블록(사전청약) 입주예정자협의회
99,2026.12,익산 부송 아이파크,511,전북특별자치도 익산시 부송동 279번지 일원,주식회사 하나자산신탁,"얼음정수기, 비데, 공기청정기, 식세기",익산 부송 아이파크 입주예정자협의회
90,2026.12,e편한세상 서대전역 센트로,495,대전광역시 중구 문화동 330번지 일원,문화2구역재개발정비사업조합,"얼음정수기, 비데, 공기청정기, 식세기",e편한세상 서대전역 센트로 입주예정자협의회
90,2026.12,인천 검단신도시 AB13블록 호반써밋Ⅲ(본청약),492,인천 검단신도시 AB13블록 (인천광역시 서구 원당동 1063-2 일원),티에스리빙 주식회사,"얼음정수기, 비데, 공기청정기, 식세기",인천 검단신도시 AB13블록 호반써밋Ⅲ(본청약) 입주예정자협의회
90,2026.12,영통역자이 프라시엘,472,경기도 용인시 기흥구 서천동 335-2번지 일원,교보자산신탁(주),"얼음정수기, 비데, 공기청정기, 식세기",영통역자이 프라시엘 입주예정자협의회
90,2026.12,위례 A2-7블록 신혼희망타운(공공분양) (본청약),440,경기도 성남시 수정구 창곡동 위례 택지개발사업지구 내 A2-7블록,한국토지주택공사 서울지역본부,"얼음정수기, 비데, 공기청정기, 식세기",위례 A2-7블록 신혼희망타운(공공분양) (본청약) 입주예정자협의회
90,2026.12,힐스테이트 가야 1단지,406,부산광역시 부산진구 가야동 197번지 일원,우리자산신탁 주식회사,"얼음정수기, 비데, 공기청정기, 식세기",힐스테이트 가야 1단지 입주예정자협의회
90,2026.12,수원 당수지구 C3블록(사전청약),385,경기도 수원시 권선구 수원당수 공공주택지구 내 C3BL,(주)태영건설,"얼음정수기, 비데, 공기청정기, 식세기",수원 당수지구 C3블록(사전청약) 입주예정자협의회
90,2026.12,인천계양 A3블록 신혼희망타운(공공분양)(본청약),359,"인천광역시 계양구 귤현동, 동양동, 박촌동, 병방동, 상야동 일원 인천계양 테크노밸리 공공주택지구내 A3블록",한국토지주택공사 인천지역본부,"얼음정수기, 비데, 공기청정기, 식세기",인천계양 A3블록 신혼희망타운(공공분양)(본청약) 입주예정자협의회
90,2026.12,효성해링턴 플레이스 군산,275,전북특별자치도 군산시 경장동 504-4번지 일원,한국자산신탁(주),"얼음정수기, 비데, 공기청정기, 식세기",효성해링턴 플레이스 군산 입주예정자협의회
90,2026.12,에코시티 한양수자인 디에스틴 주상복합,268,전라북도 전주시 덕진구 송천동 2가 1315번지 (전주에코시티 주상3BL),케이비부동산신탁주식회사,"얼음정수기, 비데, 공기청정기, 식세기",에코시티 한양수자인 디에스틴 주상복합 입주예정자협의회
90,2026.12,홍천 에듀포레 휴티스,239,강원특별자치도 홍천군 홍천읍 갈마곡리 436-1 일원 및 희망리 38번지 일원,한국투자부동산신탁 주식회사,"얼음정수기, 비데, 공기청정기, 식세기",홍천 에듀포레 휴티스 입주예정자협의회
90,2026.12,용현 우방 아이유쉘 센트럴마린,196,인천광역시 미추홀구 용현동 627-80번지,용현5동새한아파트재건축정비사업조합,"얼음정수기, 비데, 공기청정기, 식세기",용현 우방 아이유쉘 센트럴마린 입주예정자협의회
90,2026.12,군산 세경아파트 우선분양전환 후 잔여세대,153,"전북특별자치도 군산시 양안로 123 (조촌동, 세경아파트)",세경산업주식회사,"얼음정수기, 비데, 공기청정기, 식세기",군산 세경아파트 우선분양전환 후 잔여세대 입주예정자협의회
90,2026.12,힐스테이트 가야 2단지,81,부산광역시 부산진구 가야동 197-3번지 일원,우리자산신탁 주식회사,"얼음정수기, 비데, 공기청정기, 식세기",힐스테이트 가야 2단지 입주예정자협의회
90,2026.12,두산위브 트레지움 월산,71,광주광역시 남구 월산동 243-1번지 일원,남구수박등지역주택조합,"얼음정수기, 비데, 공기청정기, 식세기",두산위브 트레지움 월산 입주예정자협의회
90,2026.12,하당 르파르크 시그니처,70,전라남도 목포시 석현동 1175-11번지,주식회사 케이유건설,"얼음정수기, 비데, 공기청정기, 식세기",하당 르파르크 시그니처 입주예정자협의회
90,2026.12,위례 A2-7블록 신혼희망타운(공공분양) 잔여세대,3,경기도 성남시 수정구 창곡동 위례 택지개발사업지구 내 A2-7블록,한국토지주택공사 서울지역본부,"얼음정수기, 비데, 공기청정기, 식세기",위례 A2-7블록 신혼희망타운(공공분양) 잔여세대 입주예정자협의회
99,2027.01,지제역 반도체밸리 쌍용더플래티넘,1340,경기도 평택시 가재지구 도시개발사업 공동 1BL,평택가재피에프브이(주),"얼음정수기, 비데, 공기청정기, 식세기",지제역 반도체밸리 쌍용더플래티넘 입주예정자협의회
99,2027.01,평택 브레인시티 5BL 대광로제비앙 그랜드센텀,1182,경기도 평택시 장안동 평택브레인시티 일반산업단지 공동5BL,브레인시티5피에프브이 주식회사,"얼음정수기, 비데, 공기청정기, 식세기",평택 브레인시티 5BL 대광로제비앙 그랜드센텀 입주예정자협의회
99,2027.01,신영지웰 푸르지오 테크노폴리스 센트럴,1034,충청북도 청주시 흥덕구 송절동 산 4-2(일원),(주)무궁화신탁,"얼음정수기, 비데, 공기청정기, 식세기",신영지웰 푸르지오 테크노폴리스 센트럴 입주예정자협의회
99,2027.01,e편한세상 내포 퍼스트드림(선택형 분양전환공공임대주택),949,충남 내포신도시 RH16BL(충청남도 홍성군 홍북읍 신경리 1207일원),충청남도개발공사,"얼음정수기, 비데, 공기청정기, 식세기",e편한세상 내포 퍼스트드림(선택형 분양전환공공임대주택) 입주예정자협의회
99,2027.01,청주 가경 아이파크 6단지,946,충청북도 청주시 흥덕구 가경동 330번지 일대,에이치디씨현대산업개발 주식회사,"얼음정수기, 비데, 공기청정기, 식세기",청주 가경 아이파크 6단지 입주예정자협의회
99,2027.01,위파크 안동 호반,820,경상북도 안동시 옥동 산 70번지 일원,(주)호반건설,"얼음정수기, 비데, 공기청정기, 식세기",위파크 안동 호반 입주예정자협의회
99,2027.01,더샵 광양레이크센텀 (1회차),717,전라남도 광양시 마동 348-4번지 일원,교보자산신탁(주),"얼음정수기, 비데, 공기청정기, 식세기",더샵 광양레이크센텀 (1회차) 입주예정자협의회
99,2027.01,에코시티 더샵4차,576,전북특별자치도 전주시 덕진구 송천동2가 1317,(주)포스코이앤씨,"얼음정수기, 비데, 공기청정기, 식세기",에코시티 더샵4차 입주예정자협의회
99,2027.01,광주 선운2지구 예다음(사전청약),505,광주광역시 광산구 운수동 선운2지구 B-2BL,(주)영무건설,"얼음정수기, 비데, 공기청정기, 식세기",광주 선운2지구 예다음(사전청약) 입주예정자협의회
90,2027.01,더샵 광양레이크센텀 (2회차),208,전라남도 광양시 마동 348-4번지 일원,교보자산신탁(주),"얼음정수기, 비데, 공기청정기, 식세기",더샵 광양레이크센텀 (2회차) 입주예정자협의회
90,2027.01,부천아테라자이(부천괴안지구 B-2블록),200,경기도 부천시 소사구 괴안동 부천괴안 공공주택지구 B2블록,(주)인천검단부천괴안주택위탁관리부동산투자회사,"얼음정수기, 비데, 공기청정기, 식세기",부천아테라자이(부천괴안지구 B-2블록) 입주예정자협의회
90,2027.01,울산 우정 한라비발디,198,울산광역시 중구 우정동 274-85번지 일원,울산우정동 지역주택조합,"얼음정수기, 비데, 공기청정기, 식세기",울산 우정 한라비발디 입주예정자협의회
90,2027.01,울산 우정 에피트(조합원 취소분),55,울산광역시 중구 우정동 274-85번지 일원,울산우정동 지역주택조합,"얼음정수기, 비데, 공기청정기, 식세기",울산 우정 에피트(조합원 취소분) 입주예정자협의회
90,2027.01,PH159,49,제주특별자치도 제주시 조천읍 북촌리 1938번지 외 2필지,신영부동산신탁 주식회사,"얼음정수기, 비데, 공기청정기, 식세기",PH159 입주예정자협의회
90,2027.01,선화동 참좋은아파트 우선분양전환 후 잔여세대(2차),2,"대전광역시 중구 선화동 83-1 (선화동, 참좋은아파트)",동건종합건설(주),"얼음정수기, 비데, 공기청정기, 식세기",선화동 참좋은아파트 우선분양전환 후 잔여세대(2차) 입주예정자협의회
99,2027.02,평택 브레인시티 중흥S-클래스,1980,경기도 평택시 장안동 평택브레인시티 일반산업단지 공동1BL,주식회사 평택브레인시티일피에프브이,"얼음정수기, 비데, 공기청정기, 식세기",평택 브레인시티 중흥S-클래스 입주예정자협의회
99,2027.02,지제역 반도체밸리 해링턴 플레이스,1209,경기도 평택시 가재지구 도시개발사업 공동 3BL (가재동),평택가재피에프브이(주),"얼음정수기, 비데, 공기청정기, 식세기",지제역 반도체밸리 해링턴 플레이스 입주예정자협의회
99,2027.02,배방 필하우스 리버시티,1083,"충청남도 아산시 배방읍 북수리 1577,1578번지",대유산업(주),"얼음정수기, 비데, 공기청정기, 식세기",배방 필하우스 리버시티 입주예정자협의회
99,2027.02,더샵 탕정인피니티시티 2차,1050,충청남도 아산시 아산탕정지구 도시개발구역 A3BL,한국자산신탁(주),"얼음정수기, 비데, 공기청정기, 식세기",더샵 탕정인피니티시티 2차 입주예정자협의회
99,2027.02,제일풍경채 검단Ⅳ,1048,인천광역시 서구 불로동 검단신도시 AA22BL,인천검단3차피에프브이(주),"얼음정수기, 비데, 공기청정기, 식세기",제일풍경채 검단Ⅳ 입주예정자협의회
99,2027.02,"인천 영종국제도시 RC4-1,2BL 주상복합 (사전청약)",868,"인천광역시 중구 중산동 RC4-1,2BL",디비종합건설 주식회사,"얼음정수기, 비데, 공기청정기, 식세기","인천 영종국제도시 RC4-1,2BL 주상복합 (사전청약) 입주예정자협의회"
99,2027.02,힐스테이트 선화 더와이즈,851,대전광역시 중구 선화동 85-1번지 일원,우리자산신탁 주식회사,"얼음정수기, 비데, 공기청정기, 식세기",힐스테이트 선화 더와이즈 입주예정자협의회
99,2027.02,청계리버뷰자이,797,서울특별시 성동구 용답동 108-1번지 일원,용답동주택재개발정비사업조합,"얼음정수기, 비데, 공기청정기, 식세기",청계리버뷰자이 입주예정자협의회
99,2027.02,검단아테라자이,709,인천검단시 서구 불로동 484-3번지 일대(검단신도시 AB21-1BL),(주)인천검단부천괴안주택위탁관리부동산투자회사,"얼음정수기, 비데, 공기청정기, 식세기",검단아테라자이 입주예정자협의회
99,2027.02,오산세교 힐데스하임(A20블록)(본청약),679,경기도 오산시 벌음동 149 일원(오산세교2지구 A20블록),(주)원건설산업,"얼음정수기, 비데, 공기청정기, 식세기",오산세교 힐데스하임(A20블록)(본청약) 입주예정자협의회
99,2027.02,진위역 서희스타힐스 더 파크뷰,639,경기도 평택시 진위면 갈곶리 239-60번지 일원,엘지로 지역주택조합,"얼음정수기, 비데, 공기청정기, 식세기",진위역 서희스타힐스 더 파크뷰 입주예정자협의회
90,2027.02,부산장안지구 디에트르 디 오션(B3BL) 본청약,489,부산광역시 기장군 장안지구 B-3블록(부산광역시 기장군 장안읍 좌천리 361-4일원),대방주택 주식회사,"얼음정수기, 비데, 공기청정기, 식세기",부산장안지구 디에트르 디 오션(B3BL) 본청약 입주예정자협의회
90,2027.02,달서자이 제니크,360,대구광역시 달서구 본리동 661-9번지 일원,교보자산신탁(주),"얼음정수기, 비데, 공기청정기, 식세기",달서자이 제니크 입주예정자협의회
90,2027.02,더샵 금정위버시티,308,부산광역시 금정구 부곡동 200-1번지 일원,금정더샵지역주택조합,"얼음정수기, 비데, 공기청정기, 식세기",더샵 금정위버시티 입주예정자협의회
90,2027.02,힐스테이트 문수로 센트럴 2단지,301,울산광역시 남구 신정동 636-1번지 일원,한국투자부동산신탁 주식회사,"얼음정수기, 비데, 공기청정기, 식세기",힐스테이트 문수로 센트럴 2단지 입주예정자협의회
90,2027.02,힐스테이트 문수로 센트럴 1단지,301,울산광역시 남구 신정동 638-1번지 일원,한국투자부동산신탁 주식회사,"얼음정수기, 비데, 공기청정기, 식세기",힐스테이트 문수로 센트럴 1단지 입주예정자협의회
90,2027.02,서광교 한라비발디 레이크포레,285,경기도 수원시 장안구 연무동 58-1번지 일원,코리아신탁(주),"얼음정수기, 비데, 공기청정기, 식세기",서광교 한라비발디 레이크포레 입주예정자협의회
90,2027.02,원주 모아엘가 그랑데,281,강원특별자치도 원주시 단구동 531-8번지 일원,단구동14통주택재개발정비사업조합,"얼음정수기, 비데, 공기청정기, 식세기",원주 모아엘가 그랑데 입주예정자협의회
90,2027.02,더폴 울산신정,168,울산광역시 남구 신정동 1133-14 외 11필지,(주)우성종합건설,"얼음정수기, 비데, 공기청정기, 식세기",더폴 울산신정 입주예정자협의회
90,2027.02,동래 에코팰리스 아시아드,160,부산광역시 동래구 온천동 1248-10,(주)지민건설,"얼음정수기, 비데, 공기청정기, 식세기",동래 에코팰리스 아시아드 입주예정자협의회
90,2027.02,성남 금토지구 A-3블록 판교테크노밸리 중흥S-클래스(본청약),119,경기도 성남시 수정구 금토동 금토지구 A-3BL,세종건설산업(주),"얼음정수기, 비데, 공기청정기, 식세기",성남 금토지구 A-3블록 판교테크노밸리 중흥S-클래스(본청약) 입주예정자협의회
90,2027.02,진위역 서희스타힐스 더 파크뷰,82,경기도 평택시 진위면 갈곶리 239-60번지 일원,엘지로 지역주택조합,"얼음정수기, 비데, 공기청정기, 식세기",진위역 서희스타힐스 더 파크뷰 입주예정자협의회
90,2027.02,진위역 서희스타힐스 더 파크뷰(3차),53,경기도 평택시 진위면 갈곶리 239-60번지 일원,엘지로 지역주택조합,"얼음정수기, 비데, 공기청정기, 식세기",진위역 서희스타힐스 더 파크뷰(3차) 입주예정자협의회
90,2027.02,더샵 금정위버시티(조합원 취소분),30,부산광역시 금정구 부곡동 200-1번지 일원,금정더샵지역주택조합,"얼음정수기, 비데, 공기청정기, 식세기",더샵 금정위버시티(조합원 취소분) 입주예정자협의회
99,2027.03,구미 그랑포레 데시앙,1350,경상북도 구미시 도량동 산40-4번지 일원,"지엠파크(주),(주)태영건설","얼음정수기, 비데, 공기청정기, 식세기",구미 그랑포레 데시앙 입주예정자협의회
99,2027.03,일광 노르웨이숲 오션포레,1294,부산광역시 기장군 일광읍 이천리 720-2번지 일원,코리아신탁(주),"얼음정수기, 비데, 공기청정기, 식세기",일광 노르웨이숲 오션포레 입주예정자협의회
99,2027.03,안성당왕 경남아너스빌 하이스트,976,경기도 안성시 안성당왕지구 B-1블록 공동주택용지,에스엠상선(주),"얼음정수기, 비데, 공기청정기, 식세기",안성당왕 경남아너스빌 하이스트 입주예정자협의회
99,2027.03,푸르지오 라디우스 파크,718,서울특별시 성북구 장위동 25-55번지 일대,장위6구역주택재개발정비사업조합,"얼음정수기, 비데, 공기청정기, 식세기",푸르지오 라디우스 파크 입주예정자협의회
99,2027.03,김제 검산 예다음,648,전북특별자치도 김제시 검산동 510-7번지 일원,와이엠스테이,"얼음정수기, 비데, 공기청정기, 식세기",김제 검산 예다음 입주예정자협의회
99,2027.03,영통자이 센트럴파크,580,경기도 수원시 영통구 영통동 961-11번지,교보자산신탁주식회사,"얼음정수기, 비데, 공기청정기, 식세기",영통자이 센트럴파크 입주예정자협의회
99,2027.03,두산위브더제니스 센트럴 용인,568,경기도 용인시 처인구 삼가동 174번지 일원,(주)레이스 이앤디,"얼음정수기, 비데, 공기청정기, 식세기",두산위브더제니스 센트럴 용인 입주예정자협의회
99,2027.03,도마 포레나해모로,568,대전광역시 서구 도마동 181-1번지 일원,도마·변동9재정비촉진구역주택재개발정비사업조합,"얼음정수기, 비데, 공기청정기, 식세기",도마 포레나해모로 입주예정자협의회
90,2027.03,양정 롯데캐슬 프론티엘,489,부산광역시 부산진구 양정동 64-3번지 일원,양정3구역 주택재개발정비사업조합,"얼음정수기, 비데, 공기청정기, 식세기",양정 롯데캐슬 프론티엘 입주예정자협의회
90,2027.03,마포자이힐스테이트 라첼스,463,서울특별시 마포구 공덕동 105-84 일원,공덕1구역주택재건축정비사업조합,"얼음정수기, 비데, 공기청정기, 식세기",마포자이힐스테이트 라첼스 입주예정자협의회
90,2027.03,양평 하늘채 센트로힐스,200,경기도 양평군 양평읍 덕평리 661-7 일원,양평덕평지구 지역주택조합,"얼음정수기, 비데, 공기청정기, 식세기",양평 하늘채 센트로힐스 입주예정자협의회
90,2027.03,신제주 동문디이스트 시그니처원Ⅰ,182,제주특별자치도 제주시 연동 274-12번지외 4필지,코리아신탁(주),"얼음정수기, 비데, 공기청정기, 식세기",신제주 동문디이스트 시그니처원Ⅰ 입주예정자협의회
90,2027.03,역북 서희스타힐스 프라임시티,134,경기도 용인시 처인구 역북동 89-25번지 일원,역북지역주택조합,"얼음정수기, 비데, 공기청정기, 식세기",역북 서희스타힐스 프라임시티 입주예정자협의회
90,2027.03,마포 푸르지오 어반피스,122,서울특별시 마포구 아현동 613-10번지 일원,마포로3구역제3지구도시정비형재개발조합,"얼음정수기, 비데, 공기청정기, 식세기",마포 푸르지오 어반피스 입주예정자협의회
90,2027.03,더 플래티넘 센트럴포레,112,경기도 양주시 삼숭동 187-47번지 일원,"삼숭지역주택조합,쌍용건설주식회사","얼음정수기, 비데, 공기청정기, 식세기",더 플래티넘 센트럴포레 입주예정자협의회
90,2027.03,e편한세상 일산 메이포레 1단지,112,경기도 고양시 일산동구 풍동 822번지 일원,식사풍동1단지지역주택조합,"얼음정수기, 비데, 공기청정기, 식세기",e편한세상 일산 메이포레 1단지 입주예정자협의회
90,2027.03,이촌 르엘,88,서울특별시 용산구 이촌동 301-160 일원,이촌동 현대아파트 리모델링주택조합,"얼음정수기, 비데, 공기청정기, 식세기",이촌 르엘 입주예정자협의회
90,2027.03,e편한세상 일산 메이포레 3단지,35,경기도 고양시 일산동구 풍동 852번지 일원,식사풍동3단지지역주택조합,"얼음정수기, 비데, 공기청정기, 식세기",e편한세상 일산 메이포레 3단지 입주예정자협의회
90,2027.03,역북 서희스타힐스 프라임시티(조합원 취소분),5,경기도 용인시 처인구 역북동 89-25번지 일원,역북지역주택조합,"얼음정수기, 비데, 공기청정기, 식세기",역북 서희스타힐스 프라임시티(조합원 취소분) 입주예정자협의회
99,2027.04,대연 디아이엘,2382,부산광역시 남구 대연동 1619번지 일원,대연3구역 주택재개발정비사업조합,"얼음정수기, 비데, 공기청정기, 식세기",대연 디아이엘 입주예정자협의회
99,2027.04,신영지웰 평택화양,999,경기도 평택시 화양지구 도시개발사업 9-1BL(경기도 평택시 현덕면 화양리 785번지 일원),"(주)신영화양지구개발피에프브이,(주)신영대농개발","얼음정수기, 비데, 공기청정기, 식세기",신영지웰 평택화양 입주예정자협의회
99,2027.04,힐스테이트 죽림더프라우드 A2BL(공공분양주택),802,전라남도 여수시 죽림1지구 내 A2BL,"전남개발공사,현대건설(주),(주)길축산업개발","얼음정수기, 비데, 공기청정기, 식세기",힐스테이트 죽림더프라우드 A2BL(공공분양주택) 입주예정자협의회
99,2027.04,제주 중부공원 제일풍경채 센트럴파크,653,제주특별자치도 제주시 건입동 167번지,케이비부동산신탁(주),"얼음정수기, 비데, 공기청정기, 식세기",제주 중부공원 제일풍경채 센트럴파크 입주예정자협의회
99,2027.04,이천자이 더 레브,635,경기도 이천시 송정동 산31번지 일원,교보자산신탁(주),"얼음정수기, 비데, 공기청정기, 식세기",이천자이 더 레브 입주예정자협의회
99,2027.04,김해 삼계 푸르지오 센트럴파크,630,경상남도 김해시 삼계동 1027-3번지 일원,신한자산신탁 주식회사,"얼음정수기, 비데, 공기청정기, 식세기",김해 삼계 푸르지오 센트럴파크 입주예정자협의회
99,2027.04,휴먼빌 일산 클래스원,529,경기도 고양시 일산동구 식사동 1110번지 일원(고양 풍동 2지구 3블럭),일신건영(주),"얼음정수기, 비데, 공기청정기, 식세기",휴먼빌 일산 클래스원 입주예정자협의회
99,2027.04,제일풍경채 운정,520,경기도 파주시 운정3지구 A45블록(경기도 파주시 목동동 363번지 일원),파주운정45한신컨소시엄,"얼음정수기, 비데, 공기청정기, 식세기",제일풍경채 운정 입주예정자협의회
99,2027.04,창경궁 롯데캐슬 시그니처,509,서울특별시 성북구 삼선동2가 296번지 일원,삼선제5주택재개발정비사업조합,"얼음정수기, 비데, 공기청정기, 식세기",창경궁 롯데캐슬 시그니처 입주예정자협의회
90,2027.04,힐스테이트 구미더퍼스트,491,경상북도 구미시 봉곡동 59-1번지 일원,한국투자부동산신탁 주식회사,"얼음정수기, 비데, 공기청정기, 식세기",힐스테이트 구미더퍼스트 입주예정자협의회
90,2027.04,괴산 미니복합타운 A2BL 대광로제비앙 (사전청약),355,충청북도 괴산군 괴산읍 대사리 괴산미니복합타운 A2BL,(주)포레지아,"얼음정수기, 비데, 공기청정기, 식세기",괴산 미니복합타운 A2BL 대광로제비앙 (사전청약) 입주예정자협의회
90,2027.04,힐스테이트 죽림더프라우드 A4BL(공공분양주택),341,전라남도 여수시 죽림1지구 내 A4BL,"전남개발공사,현대건설(주),(주)길축산업개발","얼음정수기, 비데, 공기청정기, 식세기",힐스테이트 죽림더프라우드 A4BL(공공분양주택) 입주예정자협의회
90,2027.04,강릉 아테라,329,강원특별자치도 강릉시 회산동 536번지 일원,한국투자부동산신탁 주식회사,"얼음정수기, 비데, 공기청정기, 식세기",강릉 아테라 입주예정자협의회
90,2027.04,강릉 유블레스 리센트,226,"강원특별자치도 강릉시 포남동 1153, 1153-2번지 일원",(주)무궁화신탁,"얼음정수기, 비데, 공기청정기, 식세기",강릉 유블레스 리센트 입주예정자협의회
90,2027.04,검단 스타힐스 가현숲,153,인천광역시 서구 마전동 1158-12번지 외 8필지,마전지역주택조합,"얼음정수기, 비데, 공기청정기, 식세기",검단 스타힐스 가현숲 입주예정자협의회
90,2027.04,힐스테이트 죽림더프라우드 A2BL(민영주택),129,전라남도 여수시 죽림1지구 내 A2BL,"전남개발공사,현대건설(주),(주)길축산업개발","얼음정수기, 비데, 공기청정기, 식세기",힐스테이트 죽림더프라우드 A2BL(민영주택) 입주예정자협의회
90,2027.04,더샵 분당센트로,84,경기도 성남시 분당구 미금로 66,무지개마을4단지리모델링주택조합,"얼음정수기, 비데, 공기청정기, 식세기",더샵 분당센트로 입주예정자협의회
99,2027.05,부산에코델타시티 디에트르 그랑루체(13BL),1470,부산광역시 강서구 에코델타시티 공동주택용지 13BL,대방하우징(주),"얼음정수기, 비데, 공기청정기, 식세기",부산에코델타시티 디에트르 그랑루체(13BL) 입주예정자협의회
99,2027.05,천안 일봉공원 호반써밋 센트럴파크(2BL),1284,충청남도 천안시 동남구 용곡동 474-18번지 일원,한국자산신탁(주),"얼음정수기, 비데, 공기청정기, 식세기",천안 일봉공원 호반써밋 센트럴파크(2BL) 입주예정자협의회
99,2027.05,고덕국제신도시 서한이다음 그레이튼,1138,경기도 평택시 고덕동 2394-2,(주) 서한,"얼음정수기, 비데, 공기청정기, 식세기",고덕국제신도시 서한이다음 그레이튼 입주예정자협의회
99,2027.05,봉산공원 첨단 제일풍경채,948,광주광역시 광산구 산월동 산 22번지 일원,신영부동산신탁 주식회사,"얼음정수기, 비데, 공기청정기, 식세기",봉산공원 첨단 제일풍경채 입주예정자협의회
99,2027.05,계룡 펠리피아,823,충청남도 계룡시 엄사면 엄사리 418-8번지 일원,유한회사 창조개발,"얼음정수기, 비데, 공기청정기, 식세기",계룡 펠리피아 입주예정자협의회
99,2027.05,고양 장항 아테라,760,경기도 고양시 일산동구 장항동 529-26번지,금호건설(주)외3사,"얼음정수기, 비데, 공기청정기, 식세기",고양 장항 아테라 입주예정자협의회
99,2027.05,과천 디에트르 퍼스티지(S2BL),740,경기도 과천시 지식정보타운 공공주택지구 S2BL,대방건설 주식회사,"얼음정수기, 비데, 공기청정기, 식세기",과천 디에트르 퍼스티지(S2BL) 입주예정자협의회
99,2027.05,힐스테이트 광주곤지암역,635,경기도 광주시 곤지암읍 신대리 25번지,신영부동산신탁주식회사,"얼음정수기, 비데, 공기청정기, 식세기",힐스테이트 광주곤지암역 입주예정자협의회
99,2027.05,두산위브더제니스 센트럴 계양,620,인천광역시 계양구 작전동 439-7번지 일원,작전현대아파트구역재개발정비사업조합,"얼음정수기, 비데, 공기청정기, 식세기",두산위브더제니스 센트럴 계양 입주예정자협의회
99,2027.05,영종 진아레히,547,인천광역시 중구 운남동 1654-1번지 (영종하늘도시A23BL),한양영종피에프브이 주식회사,"얼음정수기, 비데, 공기청정기, 식세기",영종 진아레히 입주예정자협의회
90,2027.05,부여 골드클래스,413,충청남도 부여군 부여읍 쌍북리 595번지 일원,보광에스케이건설 주식회사,"얼음정수기, 비데, 공기청정기, 식세기",부여 골드클래스 입주예정자협의회
90,2027.05,파주 운정3지구 주상복합용지 1BL(사전청약),392,경기도 파주시 동패동 산110 일원,인창개발(주),"얼음정수기, 비데, 공기청정기, 식세기",파주 운정3지구 주상복합용지 1BL(사전청약) 입주예정자협의회
90,2027.05,곤지암역 센트럴 아이파크,347,경기도 광주시 곤지암읍 곤지암리 637번지,에이치디씨현대산업개발 주식회사,"얼음정수기, 비데, 공기청정기, 식세기",곤지암역 센트럴 아이파크 입주예정자협의회
90,2027.05,파주 운정3지구 주상복합용지 6BL (사전청약),340,경기도 파주시 동패동 산115-1번지 일원,인창개발(주),"얼음정수기, 비데, 공기청정기, 식세기",파주 운정3지구 주상복합용지 6BL (사전청약) 입주예정자협의회
90,2027.05,쌍용 더 플래티넘 네이처,334,대전광역시 대덕구 읍내동 51-9번지 (읍내동),회덕지역주택조합,"얼음정수기, 비데, 공기청정기, 식세기",쌍용 더 플래티넘 네이처 입주예정자협의회
90,2027.05,파주 운정3지구 주상복합용지 5BL (사전청약),332,경기도 파주시 동패동 산80-1번지 일원,인창개발(주),"얼음정수기, 비데, 공기청정기, 식세기",파주 운정3지구 주상복합용지 5BL (사전청약) 입주예정자협의회
90,2027.05,원종 휴먼빌 클라츠,255,경기도 부천시 오정구 부천원종 공공주택지구 B1블럭,일신건영(주),"얼음정수기, 비데, 공기청정기, 식세기",원종 휴먼빌 클라츠 입주예정자협의회
90,2027.05,파주 운정3지구 주상복합용지 2BL (사전청약),250,경기도 파주시 동패동 산110 일원,인창개발(주),"얼음정수기, 비데, 공기청정기, 식세기",파주 운정3지구 주상복합용지 2BL (사전청약) 입주예정자협의회
90,2027.05,더샵 시에르네,231,울산광역시 중구 학성동 397-1번지 일원,학성동지역주택조합,"얼음정수기, 비데, 공기청정기, 식세기",더샵 시에르네 입주예정자협의회
90,2027.05,나주영산 윤슬의아침 더정원,140,전라남도 나주시 이창동 714 일대,영산지역주택조합,"얼음정수기, 비데, 공기청정기, 식세기",나주영산 윤슬의아침 더정원 입주예정자협의회
90,2027.05,전주 에코시티 더 클래스,48,전북특별자치도 전주시 덕진구 호성동2가 801-31번지 일원,(주)에코포르테,"얼음정수기, 비데, 공기청정기, 식세기",전주 에코시티 더 클래스 입주예정자협의회
90,2027.05,더샵 시에르네(조합원 취소분),36,울산광역시 중구 학성동 397-1번지 일원,학성동지역주택조합,"얼음정수기, 비데, 공기청정기, 식세기",더샵 시에르네(조합원 취소분) 입주예정자협의회
99,2027.06,힐스테이트 어울림 청주사직,1675,충청북도 청주시 서원구 사직동 215-8번지 일대,사직3구역주택재개발정비사업조합,"얼음정수기, 비데, 공기청정기, 식세기",힐스테이트 어울림 청주사직 입주예정자협의회
99,2027.06,힐스테이트 가장더퍼스트,1339,대전광역시 서구 가장동 38-1번지 일원,도마변동1재정비촉진구역주택재개발정비사업조합,"얼음정수기, 비데, 공기청정기, 식세기",힐스테이트 가장더퍼스트 입주예정자협의회
99,2027.06,두산위브더제니스 센트럴시티,1098,대구광역시 북구 학정동 732-1번지 일원,신영부동산신탁 주식회사,"얼음정수기, 비데, 공기청정기, 식세기",두산위브더제니스 센트럴시티 입주예정자협의회
99,2027.06,이천시 장호원읍 5년 공공건설임대주택(카사펠리스이천) 임차인모집,930,경기도 이천시 장호원읍 이황리 355-7번지,주식회사 벽제산업개발,"얼음정수기, 비데, 공기청정기, 식세기",이천시 장호원읍 5년 공공건설임대주택(카사펠리스이천) 임차인모집 입주예정자협의회
99,2027.06,더샵 리오몬트,866,부산광역시 사상구 엄궁동 132번지 일원,엄궁3구역주택재개발정비사업조합,"얼음정수기, 비데, 공기청정기, 식세기",더샵 리오몬트 입주예정자협의회
99,2027.06,힐스테이트 더웨이브시티,851,경기도 시흥시 정왕동 2716(멀티테크노밸리(MTV) 주상-2),한국투자부동산신탁 주식회사,"얼음정수기, 비데, 공기청정기, 식세기",힐스테이트 더웨이브시티 입주예정자협의회
99,2027.06,대전 성남 우미린 뉴시티,776,대전광역시 동구 성남동 1-97번지 일원,성남동1구역재개발정비사업조합,"얼음정수기, 비데, 공기청정기, 식세기",대전 성남 우미린 뉴시티 입주예정자협의회
99,2027.06,여주역자이 헤리티지,769,경기도 여주시 교동 500-118번지 일원,교보자산신탁(주),"얼음정수기, 비데, 공기청정기, 식세기",여주역자이 헤리티지 입주예정자협의회
99,2027.06,인천 검단신도시 AB20-2블록 중흥S-클래스 에듀파크(본청약),719,인천광역시 서구 검단지구 공동주택용지 AB20-2BL,중흥건설(주),"얼음정수기, 비데, 공기청정기, 식세기",인천 검단신도시 AB20-2블록 중흥S-클래스 에듀파크(본청약) 입주예정자협의회
99,2027.06,운암산공원 우미린 리버포레,660,광주광역시 북구 동림동 191번지 일원(운암산근린공원),주식회사 운암파크린,"얼음정수기, 비데, 공기청정기, 식세기",운암산공원 우미린 리버포레 입주예정자협의회
99,2027.06,송도자이풍경채 그라노블 2단지,548,인천광역시 연수구 송도동 552번지,송도국제화복합단지개발(주),"얼음정수기, 비데, 공기청정기, 식세기",송도자이풍경채 그라노블 2단지 입주예정자협의회
90,2027.06,부산 장안지구 B-2블록 중흥S-클래스(본청약),488,부산광역시 기장군 장안읍 좌동리 463-3번지 일원(부산 장안지구 B-2블록),중흥산업개발(주),"얼음정수기, 비데, 공기청정기, 식세기",부산 장안지구 B-2블록 중흥S-클래스(본청약) 입주예정자협의회
90,2027.06,수원당수 A5블록 신혼희망타운(공공분양)(본청약),484,경기도 수원시 권선구 당수로 178 (당수동),한국토지주택공사 경기남부지역본부,"얼음정수기, 비데, 공기청정기, 식세기",수원당수 A5블록 신혼희망타운(공공분양)(본청약) 입주예정자협의회
90,2027.06,춘천 아테라 에듀파크,477,강원특별자치도 춘천시 동면 만천리 770-6번지 일원,주식회사 하나자산신탁,"얼음정수기, 비데, 공기청정기, 식세기",춘천 아테라 에듀파크 입주예정자협의회
90,2027.06,송도자이풍경채 그라노블 1단지,469,인천광역시 연수구 송도동 551-1번지,송도국제화복합단지개발(주),"얼음정수기, 비데, 공기청정기, 식세기",송도자이풍경채 그라노블 1단지 입주예정자협의회
90,2027.06,동탄2신도시 동탄역 대방 엘리움 더 시그니처(C18BL),464,경기도 화성시 오산동 동탄2택지개발지구 C18BL,엘리움주택 주식회사,"얼음정수기, 비데, 공기청정기, 식세기",동탄2신도시 동탄역 대방 엘리움 더 시그니처(C18BL) 입주예정자협의회
90,2027.06,성남 복정1지구 B3블록 엘리프 남위례역 에듀포레(본청약),367,경기도 성남시 수정구 복정1지구 B3BL,(주)한국토지신탁,"얼음정수기, 비데, 공기청정기, 식세기",성남 복정1지구 B3블록 엘리프 남위례역 에듀포레(본청약) 입주예정자협의회
90,2027.06,신제주 동문디이스트 시그니처원Ⅱ,196,제주특별자치도 제주시 연동 274-25번지외 5필지,코리아신탁(주),"얼음정수기, 비데, 공기청정기, 식세기",신제주 동문디이스트 시그니처원Ⅱ 입주예정자협의회
90,2027.06,수원당수지구 A5블록 신혼희망타운(공공분양) 추가 입주자모집,142,"경기도 수원시 권선구 금곡동, 당수동 일원 수원당수 공공주택지구내 A5블록",한국토지주택공사 경기남부지역본부,"얼음정수기, 비데, 공기청정기, 식세기",수원당수지구 A5블록 신혼희망타운(공공분양) 추가 입주자모집 입주예정자협의회
90,2027.06,서울대방 신혼희망타운 공공분양(본청약),122,서울특별시 영등포구 신길동 1280 일원,한국토지주택공사 서울지역본부,"얼음정수기, 비데, 공기청정기, 식세기",서울대방 신혼희망타운 공공분양(본청약) 입주예정자협의회
90,2027.06,석남역 센트럴파크 그랑베르,101,인천광역시 서구 석남동 521-2번지,동우아파트가로주택정비사업조합,"얼음정수기, 비데, 공기청정기, 식세기",석남역 센트럴파크 그랑베르 입주예정자협의회
90,2027.06,e편한세상 여수 글렌츠,81,전라남도 여수시 신기동 3번지 일원,신기주공지역주택조합,"얼음정수기, 비데, 공기청정기, 식세기",e편한세상 여수 글렌츠 입주예정자협의회
90,2027.06,하우스토리 센트럴포레,40,서울특별시 노원구 공릉동 270-71번지,(주)무궁화신탁,"얼음정수기, 비데, 공기청정기, 식세기",하우스토리 센트럴포레 입주예정자협의회
90,2027.06,서울대방 신혼희망타운(공공분양) 잔여세대 입주자모집공고,2,서울특별시 영등포구 신길동 1280 일원,한국토지주택공사 서울지역본부,"얼음정수기, 비데, 공기청정기, 식세기",서울대방 신혼희망타운(공공분양) 잔여세대 입주자모집공고 입주예정자협의회
99,2027.07,용인 둔전역 에피트,1275,경기도 용인시 처인구 포곡읍 금어리 646번지 일원,코리아신탁주식회사,"얼음정수기, 비데, 공기청정기, 식세기",용인 둔전역 에피트 입주예정자협의회
99,2027.07,시흥 롯데캐슬 시그니처 1블록,1230,경기도 시흥시 은행동 248-30 일원,한국자산신탁(주),"얼음정수기, 비데, 공기청정기, 식세기",시흥 롯데캐슬 시그니처 1블록 입주예정자협의회
99,2027.07,더샵 속초프라임뷰,1024,강원특별자치도 속초시 금호동 617-21 외 32필지,우리자산신탁 주식회사,"얼음정수기, 비데, 공기청정기, 식세기",더샵 속초프라임뷰 입주예정자협의회
99,2027.07,순천그랜드파크자이,997,전라남도 순천시 풍덕동 327-3번지 일원,한국투자부동산신탁 주식회사,"얼음정수기, 비데, 공기청정기, 식세기",순천그랜드파크자이 입주예정자협의회
99,2027.07,시흥 롯데캐슬 시그니처 2블록,903,경기도 시흥시 은행동 288-1 일원,한국자산신탁(주),"얼음정수기, 비데, 공기청정기, 식세기",시흥 롯데캐슬 시그니처 2블록 입주예정자협의회
99,2027.07,울산 다운2지구 우미 린 어반파크,731,울산광역시 중구 다운동 302-4번지 일원(울산 다운2지구 B-4BL),우미건설(주),"얼음정수기, 비데, 공기청정기, 식세기",울산 다운2지구 우미 린 어반파크 입주예정자협의회
99,2027.07,광명자이힐스테이트SKVIEW,639,경기도 광명시 광명동 78-38,광명제5R구역주택재개발정비사업조합,"얼음정수기, 비데, 공기청정기, 식세기",광명자이힐스테이트SKVIEW 입주예정자협의회
90,2027.07,더샵 당리센트리체,358,부산광역시 사하구 당리동 54번지 일원,당리승학지역주택조합,"얼음정수기, 비데, 공기청정기, 식세기",더샵 당리센트리체 입주예정자협의회
90,2027.07,태화강 에피트,307,울산광역시 울주군 범서읍 굴화리 일원 공공주택지구 내 S1블럭,에이치엘디앤아이한라 주식회사,"얼음정수기, 비데, 공기청정기, 식세기",태화강 에피트 입주예정자협의회
90,2027.07,파크레스트 해남,294,전라남도 해남군 해남읍 구교리 49번지 일원,(주)일레븐건설,"얼음정수기, 비데, 공기청정기, 식세기",파크레스트 해남 입주예정자협의회
90,2027.07,오티에르 포레,88,서울특별시 성동구 성수동1가 656-421번지 일대,케이비부동산신탁(주),"얼음정수기, 비데, 공기청정기, 식세기",오티에르 포레 입주예정자협의회
90,2027.07,한신더휴 하이엔에듀포레,78,서울특별시 금천구 시흥동 220-2외 5필지,(주)무궁화신탁,"얼음정수기, 비데, 공기청정기, 식세기",한신더휴 하이엔에듀포레 입주예정자협의회
90,2027.07,오정 해모로 스마트시티(조합원 취소분),48,경기도 부천시 오정구 오정동 613번지 일원,오정613가로주택정비사업조합,"얼음정수기, 비데, 공기청정기, 식세기",오정 해모로 스마트시티(조합원 취소분) 입주예정자협의회
90,2027.07,오정 해모로 스마트시티,47,경기도 부천시 오정구 오정동 613번지 일원,오정613가로주택정비사업조합,"얼음정수기, 비데, 공기청정기, 식세기",오정 해모로 스마트시티 입주예정자협의회
99,2027.08,용인 푸르지오 원클러스터 1단지,1681,경기도 용인시 처인구 남동 산126-13일원(A1BL),(주)남동타운피에프브이,"얼음정수기, 비데, 공기청정기, 식세기",용인 푸르지오 원클러스터 1단지 입주예정자협의회
99,2027.08,청주테크노폴리스 아테라(A8블록),1450,충청북도 청주시 흥덕구 송절동 19번지 일원(청주테크노폴리스 아테라 A8블록),청주테크노폴리스주택개발피에프브이(주),"얼음정수기, 비데, 공기청정기, 식세기",청주테크노폴리스 아테라(A8블록) 입주예정자협의회
99,2027.08,문화자이SKVIEW,1207,대전광역시 중구 문화동 435-42번지 일원,문화동8구역주택재개발정비사업조합,"얼음정수기, 비데, 공기청정기, 식세기",문화자이SKVIEW 입주예정자협의회
99,2027.08,힐스테이트 천안역 스카이움,999,충청남도 천안시 서북구 서부역7길 7-2(성정동),(주)무궁화신탁,"얼음정수기, 비데, 공기청정기, 식세기",힐스테이트 천안역 스카이움 입주예정자협의회
99,2027.08,소사역 롯데캐슬 더 뉴엘,983,경기도 부천시 소사본동 134번지 일원,부천소사피에프브이 주식회사,"얼음정수기, 비데, 공기청정기, 식세기",소사역 롯데캐슬 더 뉴엘 입주예정자협의회
99,2027.08,힐스테이트 오산더클래스,970,경기도 오산시 양산동 10-2번지 일원,신영부동산신탁 주식회사,"얼음정수기, 비데, 공기청정기, 식세기",힐스테이트 오산더클래스 입주예정자협의회
99,2027.08,중앙공원 롯데캐슬 시그니처 1BL,929,광주광역시 서구 풍암동 560-9번지 일원,한국자산신탁(주),"얼음정수기, 비데, 공기청정기, 식세기",중앙공원 롯데캐슬 시그니처 1BL 입주예정자협의회
99,2027.08,중앙공원 롯데캐슬 시그니처 2-2BL,928,광주광역시 서구 풍암동 569번지 일원,한국자산신탁(주),"얼음정수기, 비데, 공기청정기, 식세기",중앙공원 롯데캐슬 시그니처 2-2BL 입주예정자협의회
99,2027.08,힐스테이트 도안리버파크 1단지,891,대전광역시 유성구 학하동 도안2-2지구 SA5BL,주식회사 하나자산신탁,"얼음정수기, 비데, 공기청정기, 식세기",힐스테이트 도안리버파크 1단지 입주예정자협의회
99,2027.08,롯데캐슬 위너스포레,834,경기도 오산시 양산동 95번지 일원,스마트시티오산 지역주택조합,"얼음정수기, 비데, 공기청정기, 식세기",롯데캐슬 위너스포레 입주예정자협의회
99,2027.08,더샵 오창프레스티지,644,충청북도 청주시 청원구 오창읍 양청리 814-2,주식회사 하나자산신탁,"얼음정수기, 비데, 공기청정기, 식세기",더샵 오창프레스티지 입주예정자협의회
99,2027.08,파주운정3 지구 A20블록 공공분양주택(본청약),612,경기도 파주시 목동동 일원 파주운정3 A20블록,한국토지주택공사 경기북부지역본부,"얼음정수기, 비데, 공기청정기, 식세기",파주운정3 지구 A20블록 공공분양주택(본청약) 입주예정자협의회
99,2027.08,곤지암역 제일풍경채,565,경기도 광주시 곤지암읍 곤지암리636번지(곤지암역세권  A1-1블록),신영부동산신탁 주식회사,"얼음정수기, 비데, 공기청정기, 식세기",곤지암역 제일풍경채 입주예정자협의회
99,2027.08,중앙공원 롯데캐슬 시그니처 2-1BL,507,광주광역시 서구 금호동 80번지 일원,한국자산신탁(주),"얼음정수기, 비데, 공기청정기, 식세기",중앙공원 롯데캐슬 시그니처 2-1BL 입주예정자협의회
90,2027.08,광주태전 경남아너스빌 리미티드,404,경기도 광주시 장지동 695-14,경남기업(주),"얼음정수기, 비데, 공기청정기, 식세기",광주태전 경남아너스빌 리미티드 입주예정자협의회
90,2027.08,힐스테이트 도안리버파크 5단지,393,대전광역시 유성구 복용동 도안2-2지구 SA1BL,주식회사 하나자산신탁,"얼음정수기, 비데, 공기청정기, 식세기",힐스테이트 도안리버파크 5단지 입주예정자협의회
90,2027.08,한화포레나 충주호암,173,충청북도 충주시 호암동 193-2번지 일원,용산주공아파트 주택재건축정비사업조합,"얼음정수기, 비데, 공기청정기, 식세기",한화포레나 충주호암 입주예정자협의회
90,2027.08,한화포레나 충주호암(조합원 취소분),148,충청북도 충주시 호암동 193-2번지 일원,용산주공아파트 주택재건축정비사업조합,"얼음정수기, 비데, 공기청정기, 식세기",한화포레나 충주호암(조합원 취소분) 입주예정자협의회
90,2027.08,엘리프 역곡,44,경기도 부천시 소사구 괴안동 106-1번지 일원,대현청실 외2 가로주택정비사업조합,"얼음정수기, 비데, 공기청정기, 식세기",엘리프 역곡 입주예정자협의회
99,2027.09,힐스테이트 더샵 상생공원 2단지,1668,경상북도 포항시 남구 대잠동 산81-4번지 일원,우리자산신탁 주식회사,"얼음정수기, 비데, 공기청정기, 식세기",힐스테이트 더샵 상생공원 2단지 입주예정자협의회
99,2027.09,힐스테이트 도안리버파크 2단지,1222,대전광역시 유성구 학하동 도안2-2지구 SA4BL,주식회사 하나자산신탁,"얼음정수기, 비데, 공기청정기, 식세기",힐스테이트 도안리버파크 2단지 입주예정자협의회
99,2027.09,원봉공원 힐데스하임,1211,충청북도 청주시 상당구 용암동 산222 일원,주식회사 정각,"얼음정수기, 비데, 공기청정기, 식세기",원봉공원 힐데스하임 입주예정자협의회
99,2027.09,힐스테이트 더샵 상생공원 1단지,999,경상북도 포항시 남구 대잠동 871번지 일원,우리자산신탁 주식회사,"얼음정수기, 비데, 공기청정기, 식세기",힐스테이트 더샵 상생공원 1단지 입주예정자협의회
99,2027.09,이천 롯데캐슬 센트럴 페라즈 스카이,801,경기도 이천시 안흥동 284-2번지 일원,(주)무궁화신탁,"얼음정수기, 비데, 공기청정기, 식세기",이천 롯데캐슬 센트럴 페라즈 스카이 입주예정자협의회
99,2027.09,북수원이목지구 대방 디에트르 더 리체Ⅰ,768,경기도 수원시 장안구 이목동 종전부동산 이목지구 도시개발사업 A4블록 공동주택용지,디비이엔씨(주) 외 1,"얼음정수기, 비데, 공기청정기, 식세기",북수원이목지구 대방 디에트르 더 리체Ⅰ 입주예정자협의회
99,2027.09,김해 구산 롯데캐슬 시그니처,714,경상남도 김해시 구산동 593번지 일원,대신자산신탁 주식회사,"얼음정수기, 비데, 공기청정기, 식세기",김해 구산 롯데캐슬 시그니처 입주예정자협의회
99,2027.09,도안 푸르지오 디아델 29블록,578,대전광역시 유성구 용계동 70대 일원,케이비부동산신탁(주),"얼음정수기, 비데, 공기청정기, 식세기",도안 푸르지오 디아델 29블록 입주예정자협의회
99,2027.09,문현 푸르지오 트레시엘,561,부산광역시 남구 문현동 산23-1 일원(부산 문현2 주거환경개선사업지구 내 1블록),한국토지주택공사,"얼음정수기, 비데, 공기청정기, 식세기",문현 푸르지오 트레시엘 입주예정자협의회
99,2027.09,도안 푸르지오 디아델 31블록,556,대전광역시 유성구 용계동 73-48번지 일원,케이비부동산신탁(주),"얼음정수기, 비데, 공기청정기, 식세기",도안 푸르지오 디아델 31블록 입주예정자협의회
99,2027.09,대전 르에브 스위첸 2단지,551,대전광역시 중구 대흥동 388-7번지 일원,대흥2구역주택재개발정비사업조합,"얼음정수기, 비데, 공기청정기, 식세기",대전 르에브 스위첸 2단지 입주예정자협의회
99,2027.09,청평 수자인 더퍼스트,551,경기도 가평군 청평면 청평리 산81-18번지 일원,대한토지신탁주식회사,"얼음정수기, 비데, 공기청정기, 식세기",청평 수자인 더퍼스트 입주예정자협의회
90,2027.09,순천 지에이그린웰 하이드원,475,전라남도 순천시 덕암동 45번지 일원,그린웰산업 주식회사,"얼음정수기, 비데, 공기청정기, 식세기",순천 지에이그린웰 하이드원 입주예정자협의회
90,2027.09,자라섬 수자인 리버페스타,381,경기도 가평군 가평읍 달전리 284-7번지 일원,(주)한국토지신탁,"얼음정수기, 비데, 공기청정기, 식세기",자라섬 수자인 리버페스타 입주예정자협의회
90,2027.09,대전 르에브 스위첸 1단지,319,대전광역시 중구 대흥동 385-15번지 일원,대흥2구역주택재개발정비사업조합,"얼음정수기, 비데, 공기청정기, 식세기",대전 르에브 스위첸 1단지 입주예정자협의회
90,2027.09,서면 어반센트 데시앙,211,부산광역시 부산진구 부암동 690-8번지 일원,메디컬카운티지역주택조합,"얼음정수기, 비데, 공기청정기, 식세기",서면 어반센트 데시앙 입주예정자협의회
90,2027.09,광안센텀 비스타동원,208,부산광역시 수영구 광안동 971번지 외 157필지,광안지역주택조합,"얼음정수기, 비데, 공기청정기, 식세기",광안센텀 비스타동원 입주예정자협의회
90,2027.09,전주 인후동 마루힐 센트럴,199,전북특별자치도 전주시 덕진구 인후동2가 1560,첨단아이비씨 주식회사,"얼음정수기, 비데, 공기청정기, 식세기",전주 인후동 마루힐 센트럴 입주예정자협의회
90,2027.09,숭의역 라온프라이빗 스카이브,170,인천광역시 중구 신흥동3가 7-79번지 일원,인천 신흥동3가 지역주택조합,"얼음정수기, 비데, 공기청정기, 식세기",숭의역 라온프라이빗 스카이브 입주예정자협의회
99,2027.10,더샵 의정부역 링크시티,1401,경기도 의정부시 의정부동 248-3번지 일원,"(주)링크시티피에프브이,(주)포스코이앤씨","얼음정수기, 비데, 공기청정기, 식세기",더샵 의정부역 링크시티 입주예정자협의회
99,2027.10,더샵 탕정인피니티시티 3차,975,충청남도 아산시 아산탕정지구 도시개발구역 A2BL,한국자산신탁(주),"얼음정수기, 비데, 공기청정기, 식세기",더샵 탕정인피니티시티 3차 입주예정자협의회
99,2027.10,양주 백석 모아엘가 그랑데,929,경기도 양주시 백석읍 복지리 279-1일원,한아건설 주식회사,"얼음정수기, 비데, 공기청정기, 식세기",양주 백석 모아엘가 그랑데 입주예정자협의회
99,2027.10,둔산 엘리프 더센트럴,864,대전광역시 서구 괴정동 133번지 일원,(주)케이티에스테이트,"얼음정수기, 비데, 공기청정기, 식세기",둔산 엘리프 더센트럴 입주예정자협의회
99,2027.10,고덕강일 대성베르힐,613,서울특별시 강동구 상일동 43번지 일원(서울고덕강일 공공주택지구 12블럭),디에스종합건설(주),"얼음정수기, 비데, 공기청정기, 식세기",고덕강일 대성베르힐 입주예정자협의회
99,2027.10,안동 용상 하늘채 리버스카이,548,경상북도 안동시 용상동 494번지 일원,(주)한국토지신탁,"얼음정수기, 비데, 공기청정기, 식세기",안동 용상 하늘채 리버스카이 입주예정자협의회
99,2027.10,광명 롯데캐슬 시그니처,533,경기도 광명시 광명5동 275-3번지 일원,광명제9알(R)구역 주택재개발정비사업조합,"얼음정수기, 비데, 공기청정기, 식세기",광명 롯데캐슬 시그니처 입주예정자협의회
99,2027.10,화성 비봉지구 B1블록 금성백조 예미지2차,530,경기도 화성시 화성비봉 공공택지지구 B-1블록,(주)금성백조건설,"얼음정수기, 비데, 공기청정기, 식세기",화성 비봉지구 B1블록 금성백조 예미지2차 입주예정자협의회
90,2027.10,부산에코델타시티 대방 엘리움 리버뷰,470,부산광역시 강서구 에코델타시티 공동주택용지 31BL,디아이건설주식회사,"얼음정수기, 비데, 공기청정기, 식세기",부산에코델타시티 대방 엘리움 리버뷰 입주예정자협의회
90,2027.10,리아츠 더 인천,342,인천광역시 동구 송림동 31-3번지 일원,송림6구역재개발정비사업조합,"얼음정수기, 비데, 공기청정기, 식세기",리아츠 더 인천 입주예정자협의회
90,2027.10,프레스티어자이,287,경기도 과천시 별양동 7번지 일원,과천주공4단지주택재건축정비사업조합,"얼음정수기, 비데, 공기청정기, 식세기",프레스티어자이 입주예정자협의회
90,2027.10,순천 한양립스 파크포레,209,전라남도 순천시 용당동 288-1 일원,용당더숲지역주택조합,"얼음정수기, 비데, 공기청정기, 식세기",순천 한양립스 파크포레 입주예정자협의회
90,2027.10,서울공릉지구 공공분양주택,209,서울특별시 노원구 공릉동 240-1,한국토지주택공사 서울지역본부,"얼음정수기, 비데, 공기청정기, 식세기",서울공릉지구 공공분양주택 입주예정자협의회
90,2027.10,e편한세상 센텀 하이베뉴,166,부산광역시 해운대구 재송동 1030번지 일원,재송2구역 재건축정비사업조합,"얼음정수기, 비데, 공기청정기, 식세기",e편한세상 센텀 하이베뉴 입주예정자협의회
90,2027.10,효성해링턴 플레이스 동수원,162,경기도 수원시 팔달구 우만동 436번지,(주)무궁화신탁,"얼음정수기, 비데, 공기청정기, 식세기",효성해링턴 플레이스 동수원 입주예정자협의회
90,2027.10,아크로 리츠카운티,140,서울특별시 서초구 방배동 1018-1번지 일원,방배삼익아파트 주택재건축정비사업조합,"얼음정수기, 비데, 공기청정기, 식세기",아크로 리츠카운티 입주예정자협의회
90,2027.10,서울공릉 신혼희망타운(공공분양),139,서울특별시 노원구 공릉동 240-1,한국토지주택공사 서울지역본부,"얼음정수기, 비데, 공기청정기, 식세기",서울공릉 신혼희망타운(공공분양) 입주예정자협의회
90,2027.10,진월 더리브 라포레,111,광주광역시 남구 진월동 산3번지 일원,진월동지역주택조합,"얼음정수기, 비데, 공기청정기, 식세기",진월 더리브 라포레 입주예정자협의회
90,2027.10,화성 동탄2 주상복합용지 C28BL 리젠시빌란트(사전청약),108,경기도 화성시 화성 동탄2지구 C28BL,(주)리젠시빌주택,"얼음정수기, 비데, 공기청정기, 식세기",화성 동탄2 주상복합용지 C28BL 리젠시빌란트(사전청약) 입주예정자협의회
90,2027.10,더샵 분당티에르원,102,경기도 성남시 분당구 정자동 88번지 일원,느티마을3단지 리모델링주택조합,"얼음정수기, 비데, 공기청정기, 식세기",더샵 분당티에르원 입주예정자협의회
90,2027.10,서울공릉지구 신혼희망타운(공공분양) 추가 입주자 모집공고,3,서울특별시 노원구 공릉동 240-1,한국토지주택공사 서울지역본부,"얼음정수기, 비데, 공기청정기, 식세기",서울공릉지구 신혼희망타운(공공분양) 추가 입주자 모집공고 입주예정자협의회
99,2027.11,계양 롯데캐슬 파크시티 1단지,1964,인천광역시 계양구 효성동 101-21번지 일원,케이비부동산신탁(주),"얼음정수기, 비데, 공기청정기, 식세기",계양 롯데캐슬 파크시티 1단지 입주예정자협의회
99,2027.11,원주 푸르지오 더 센트럴,1273,강원특별자치도 원주시 원동 274-40일원,원동다박골주택재개발정비사업조합,"얼음정수기, 비데, 공기청정기, 식세기",원주 푸르지오 더 센트럴 입주예정자협의회
99,2027.11,계양 롯데캐슬 파크시티 2단지(공 4블럭),1089,인천광역시 계양구 효성동123-30번지 일원,케이비부동산신탁(주),"얼음정수기, 비데, 공기청정기, 식세기",계양 롯데캐슬 파크시티 2단지(공 4블럭) 입주예정자협의회
99,2027.11,번영로 하늘채 라크뷰,803,울산광역시 남구 야음동 363-2번지 일원,(주)무궁화신탁,"얼음정수기, 비데, 공기청정기, 식세기",번영로 하늘채 라크뷰 입주예정자협의회
99,2027.11,성남금토 A-4블록 신혼희망타운(공공분양)(본청약),766,경기도 성남시 수정구 금토동 일원 성남금토 공공주택지구 내 A-4블록,한국토지주택공사 경기남부지역본부,"얼음정수기, 비데, 공기청정기, 식세기",성남금토 A-4블록 신혼희망타운(공공분양)(본청약) 입주예정자협의회
99,2027.11,문산역3차 동문 디 이스트 센트럴,748,경기도 파주시 문산읍 문산리 81-61번지 일원,파주문산3리지구 주택재개발정비사업조합,"얼음정수기, 비데, 공기청정기, 식세기",문산역3차 동문 디 이스트 센트럴 입주예정자협의회
99,2027.11,의정부 롯데캐슬 나리벡시티,671,경기도 의정부시 금오동 산 26-19번지 일원,신한자산신탁주식회사,"얼음정수기, 비데, 공기청정기, 식세기",의정부 롯데캐슬 나리벡시티 입주예정자협의회
99,2027.11,위파크 제주 2단지,643,제주특별자치도 제주시 오라이동 923번지 일원,신영부동산신탁 주식회사,"얼음정수기, 비데, 공기청정기, 식세기",위파크 제주 2단지 입주예정자협의회
99,2027.11,e편한세상 대장 퍼스티움(부천대장 A-5BL) 신혼희망타운(공공분양),638,경기도 부천시 부천대장 택지개발사업지구 내 A-5블록,한국토지주택공사,"얼음정수기, 비데, 공기청정기, 식세기",e편한세상 대장 퍼스티움(부천대장 A-5BL) 신혼희망타운(공공분양) 입주예정자협의회
99,2027.11,위파크 제주 1단지,617,제주특별자치도 제주시 오라이동 854-1번지 일원,신영부동산신탁 주식회사,"얼음정수기, 비데, 공기청정기, 식세기",위파크 제주 1단지 입주예정자협의회
99,2027.11,롯데캐슬 시그니처 중앙,511,경기도 안산시 단원구 고잔동 674,주공5단지2구역주택재건축정비사업조합,"얼음정수기, 비데, 공기청정기, 식세기",롯데캐슬 시그니처 중앙 입주예정자협의회
99,2027.11,대전 문화공원 수자인,509,대전광역시 중구 문화동 47번지 일원,케이비부동산신탁(주),"얼음정수기, 비데, 공기청정기, 식세기",대전 문화공원 수자인 입주예정자협의회
90,2027.11,e편한세상 대장 퍼스티움(부천대장 A-6BL) 신혼희망타운(공공분양),461,경기도 부천시 부천대장 택지개발사업지구 내 A-6블록,한국토지주택공사인천지역본부,"얼음정수기, 비데, 공기청정기, 식세기",e편한세상 대장 퍼스티움(부천대장 A-6BL) 신혼희망타운(공공분양) 입주예정자협의회
90,2027.11,의왕월암 A-1블록 신혼희망타운(공공분양)(본청약),446,경기도 의왕시 월암동 일원 의왕월암 공공주택지구 내 A-1블록,한국토지주택공사 경기남부지역본부,"얼음정수기, 비데, 공기청정기, 식세기",의왕월암 A-1블록 신혼희망타운(공공분양)(본청약) 입주예정자협의회
90,2027.11,광명 유승한내들 라포레,444,경기도 광명시 소하동 380-1,(주)유승종합건설,"얼음정수기, 비데, 공기청정기, 식세기",광명 유승한내들 라포레 입주예정자협의회
90,2027.11,오산 세교2지구 A12블록 공공분양주택 입주자모집,433,경기도 오산시 벌음동 382번지 일원(오산세교2 택지개발지구 A12BL),"금호건설(주),한국토지주택공사","얼음정수기, 비데, 공기청정기, 식세기",오산 세교2지구 A12블록 공공분양주택 입주자모집 입주예정자협의회
90,2027.11,대전 롯데캐슬 더퍼스트,394,대전광역시 동구 가오동 394번지 일원,가오동2구역 재건축정비사업조합,"얼음정수기, 비데, 공기청정기, 식세기",대전 롯데캐슬 더퍼스트 입주예정자협의회
90,2027.11,양주 용암 영무 예다음 더퍼스트,285,경기도 양주시 은현면 용암리 784-8번지 일원,양주용암3지구지역주택조합,"얼음정수기, 비데, 공기청정기, 식세기",양주 용암 영무 예다음 더퍼스트 입주예정자협의회
90,2027.11,울산태화강변지구 A-2블록 공공분양주택,277,울산광역시 울주군 범서읍 굴화리 일원 공공주택지구내 A-2블록,한국토지주택공사 부산울산지역본부,"얼음정수기, 비데, 공기청정기, 식세기",울산태화강변지구 A-2블록 공공분양주택 입주예정자협의회
90,2027.11,대상 웰라움 순창,264,전북특별자치도 순창군 순창읍 순화리 951 번지 일원,교보자산신탁(주),"얼음정수기, 비데, 공기청정기, 식세기",대상 웰라움 순창 입주예정자협의회
90,2027.11,울산 진하 한양립스 그랑블루,212,울산광역시 울주군 서생면 진하리 75-9번지 일원,진하오션뷰 지역주택조합,"얼음정수기, 비데, 공기청정기, 식세기",울산 진하 한양립스 그랑블루 입주예정자협의회
90,2027.11,동래 롯데캐슬 시그니처,164,부산광역시 동래구 수안동 36-2번지 일원,수안지역주택조합,"얼음정수기, 비데, 공기청정기, 식세기",동래 롯데캐슬 시그니처 입주예정자협의회
90,2027.11,한양립스 에듀포레,118,광주광역시 광산구 하산동 269번지 일원,송정리버파크지역주택조합,"얼음정수기, 비데, 공기청정기, 식세기",한양립스 에듀포레 입주예정자협의회
90,2027.11,의왕월암 A-1블록 신혼희망타운(공공분양) 추가입주자 모집,111,경기도 의왕시 월암동 일원 의왕월암 공공주택지구 내 A-1블록,한국토지주택공사 경기남부지역본부,"얼음정수기, 비데, 공기청정기, 식세기",의왕월암 A-1블록 신혼희망타운(공공분양) 추가입주자 모집 입주예정자협의회
90,2027.11,대전 롯데캐슬 더퍼스트(조합원 취소분),89,대전광역시 동구 가오동 394번지 일원,가오동2구역 재건축정비사업조합,"얼음정수기, 비데, 공기청정기, 식세기",대전 롯데캐슬 더퍼스트(조합원 취소분) 입주예정자협의회
90,2027.11,구리 한양립스,68,경기도 구리시 수택동 266-2 일원,수택지역주택조합,"얼음정수기, 비데, 공기청정기, 식세기",구리 한양립스 입주예정자협의회
90,2027.11,동래 롯데캐슬 시그니처(조합원 취소분),8,부산광역시 동래구 수안동 36-2번지 일원,수안지역주택조합,"얼음정수기, 비데, 공기청정기, 식세기",동래 롯데캐슬 시그니처(조합원 취소분) 입주예정자협의회
99,2027.12,광주 송암공원 중흥S-클래스 SK VIEW,1575,광주광역시 남구 송하동 177-5번지 일원,케이비부동산신탁(주),"얼음정수기, 비데, 공기청정기, 식세기",광주 송암공원 중흥S-클래스 SK VIEW 입주예정자협의회
99,2027.12,해링턴 스퀘어 신흥역,1319,경기도 성남시 중원구 중앙동 912번지 일원,성남중1구역 도시환경정비사업조합,"얼음정수기, 비데, 공기청정기, 식세기",해링턴 스퀘어 신흥역 입주예정자협의회
99,2027.12,산성역 헤리스톤,1224,경기도 성남시 수정구 산성동 1336번지 일대,산성구역주택재개발정비사업조합,"얼음정수기, 비데, 공기청정기, 식세기",산성역 헤리스톤 입주예정자협의회
99,2027.12,힐스테이트 도안리버파크 3단지,1223,대전광역시 유성구 학하동 도안2-2지구 SA2BL,주식회사 하나자산신탁,"얼음정수기, 비데, 공기청정기, 식세기",힐스테이트 도안리버파크 3단지 입주예정자협의회
99,2027.12,래미안 센트리폴(3BL),1024,인천광역시 연수구 옥련동 송도역세권 도시개발구역 A3블록,삼성물산(주),"얼음정수기, 비데, 공기청정기, 식세기",래미안 센트리폴(3BL) 입주예정자협의회
99,2027.12,검단신도시 푸르지오 더 파크,919,인천광역시 서구 검단신도시 AA28BL(마전동),주식회사 하나자산신탁,"얼음정수기, 비데, 공기청정기, 식세기",검단신도시 푸르지오 더 파크 입주예정자협의회
99,2027.12,천안 아이파크 시티,892,충청남도 천안시 서북구 성성동 34-4번지 일원,신한자산신탁 주식회사,"얼음정수기, 비데, 공기청정기, 식세기",천안 아이파크 시티 입주예정자협의회
99,2027.12,평택 브레인시티 수자인,889,경기도 평택시 평택브레인시티 일반산업단지 공동 8BL,주식회사 비에스산업,"얼음정수기, 비데, 공기청정기, 식세기",평택 브레인시티 수자인 입주예정자협의회
99,2027.12,김포 북변 우미 린 파크리브,831,경기도 김포시 북변동 329-2번지 일원,북변3구역주택재개발정비사업조합,"얼음정수기, 비데, 공기청정기, 식세기",김포 북변 우미 린 파크리브 입주예정자협의회
99,2027.12,아산탕정자이 퍼스트시티,797,충청남도 아산시 탕정면 동산리 142-12번지 일원,교보자산신탁(주),"얼음정수기, 비데, 공기청정기, 식세기",아산탕정자이 퍼스트시티 입주예정자협의회
99,2027.12,덕계역 한신더휴 포레스트,724,경기도 양주시 덕계동 707-1번지 일원,한국자산신탁(주),"얼음정수기, 비데, 공기청정기, 식세기",덕계역 한신더휴 포레스트 입주예정자협의회
99,2027.12,의왕 월암지구 대방 디에트르 레이크파크,702,경기도 의왕시 월암동 공공주택지구 B2블록(경기도 의왕시 월암동 219-3일원),디비건설(주),"얼음정수기, 비데, 공기청정기, 식세기",의왕 월암지구 대방 디에트르 레이크파크 입주예정자협의회
99,2027.12,힐스테이트 용인마크밸리,660,경기도 용인시 처인구 남사읍 아곡리 705번지,(주)무궁화신탁,"얼음정수기, 비데, 공기청정기, 식세기",힐스테이트 용인마크밸리 입주예정자협의회
99,2027.12,의정부 푸르지오 클라시엘,656,경기도 의정부시 금오동 369-1일원,우리자산신탁 주식회사,"얼음정수기, 비데, 공기청정기, 식세기",의정부 푸르지오 클라시엘 입주예정자협의회
99,2027.12,평촌자이 퍼스니티,570,경기도 안양시 동안구 비산3동 354-10번지,뉴타운맨션삼호아파트지구주택재건축정비사업조합,"얼음정수기, 비데, 공기청정기, 식세기",평촌자이 퍼스니티 입주예정자협의회
99,2027.12,군포대야미 대방 디에트르 시그니처(B3BL),568,경기도 군포시 군포대야미 공공주택지구 B3블럭(경기도 군포시 둔대동 57번지 일원),대방건설(주)외1,"얼음정수기, 비데, 공기청정기, 식세기",군포대야미 대방 디에트르 시그니처(B3BL) 입주예정자협의회
90,2027.12,엘리프 한신더휴 수원 C3블록(본청약),440,경기도 수원시 권선구 당수1지구 공공주택지구 내 C3블록,"수원당수피에프브이 주식회사,계룡건설산업(주)","얼음정수기, 비데, 공기청정기, 식세기",엘리프 한신더휴 수원 C3블록(본청약) 입주예정자협의회
90,2027.12,고양창릉지구 S-6블록 공공분양주택(본청약),430,"경기도 고양시 덕양구 원흥동, 동산동, 용두동 외 6개동 일원",한국토지주택공사 경기북부지역본부,"얼음정수기, 비데, 공기청정기, 식세기",고양창릉지구 S-6블록 공공분양주택(본청약) 입주예정자협의회
90,2027.12,부산 장안지구 우미 린 프리미어,419,부산광역시 기장군 장안읍 좌동리 부산 장안지구 B-1BL,(주)우미글로벌,"얼음정수기, 비데, 공기청정기, 식세기",부산 장안지구 우미 린 프리미어 입주예정자협의회
90,2027.12,천안 두정역 양우내안애 퍼스트로,416,충청남도 천안시 서북구 두정동 393-11번지 일원,광문개발(주),"얼음정수기, 비데, 공기청정기, 식세기",천안 두정역 양우내안애 퍼스트로 입주예정자협의회
90,2027.12,평택화양 서희스타힐스 센트럴파크 2차,390,경기도 평택시 현덕면 화양리 평택화양지구 도시개발사업 A3블록 1로트,평택화양센트럴지역주택조합,"얼음정수기, 비데, 공기청정기, 식세기",평택화양 서희스타힐스 센트럴파크 2차 입주예정자협의회
90,2027.12,사하 경남아너스빌 시그니처,380,부산광역시 사하구 감천동 582-1,(주)티케이케미칼,"얼음정수기, 비데, 공기청정기, 식세기",사하 경남아너스빌 시그니처 입주예정자협의회
90,2027.12,천안 아이파크 시티 1단지(2회차),234,충청남도 천안시 서북구 성성동 34-4번지 일원,신한자산신탁 주식회사,"얼음정수기, 비데, 공기청정기, 식세기",천안 아이파크 시티 1단지(2회차) 입주예정자협의회
90,2027.12,더샵 분당하이스트,143,경기도 성남시 분당구 정자동 90번지,느티마을4단지 리모델링주택조합,"얼음정수기, 비데, 공기청정기, 식세기",더샵 분당하이스트 입주예정자협의회
90,2027.12,성산 더리브 포레스트,143,경상남도 창원시 성산구 신촌동 34-1번지 일원,교보자산신탁(주),"얼음정수기, 비데, 공기청정기, 식세기",성산 더리브 포레스트 입주예정자협의회
90,2027.12,올림픽파크 서한포레스트,109,서울특별시 강동구 둔촌동 489번지,(주)원천기업,"얼음정수기, 비데, 공기청정기, 식세기",올림픽파크 서한포레스트 입주예정자협의회
90,2027.12,봉선동 르오네뜨 2차,56,광주광역시 남구 봉선동 161번지 일원,남해종합건설 주식회사,"얼음정수기, 비데, 공기청정기, 식세기",봉선동 르오네뜨 2차 입주예정자협의회
